date,code,name,route,entry,close,confirmation_date,primary_key_date,primary_key_high,primary_key_low,volume_ratio,extension_30ma_pct,ret_5d,ret_10d,ret_20d,mfe_20d,mae_20d
2026-05-07,1101,台泥,主結構關鍵K突破,25.4,25.5,2026-04-30,2026-05-06,25.4,24.1,1.31,4.91,-3.35,-4.72,-3.74,1.18,-6.89
2026-09-01,1101,台泥,主結構關鍵K突破,25.0,25.3,2026-08-19,2026-08-20,25.0,24.1,1.92,4.07,-2.8,-4.4,-4.4,1.6,-4.4
2026-07-02,1210,大成,主結構關鍵K突破,56.0,57.6,2026-06-05,2026-06-10,56.0,54.5,1.39,6.12,1.79,3.39,0.0,6.25,-0.36
2026-07-02,1210,大成,主結構關鍵K突破,56.0,57.6,2026-06-24,2026-06-25,56.0,54.9,1.39,6.12,1.79,3.39,0.0,6.25,-0.36
2026-07-06,1216,統一,主結構關鍵K突破,75.6,77.8,2026-06-09,2026-06-11,75.6,74.4,1.54,4.77,3.84,5.29,-2.25,6.75,-4.23
2026-07-06,1216,統一,主結構關鍵K突破,76.4,77.8,2026-06-22,2026-06-25,76.4,74.6,1.54,4.77,2.75,4.19,-3.27,5.63,-5.24
2026-07-08,1216,統一,主結構關鍵K突破,78.4,78.6,2026-07-02,2026-07-06,78.4,76.4,1.41,5.16,0.77,-1.79,-6.89,2.93,-7.65
2026-07-20,1216,統一,主結構關鍵K突破,80.0,80.3,2026-07-15,2026-07-17,80.0,78.5,1.66,5.29,-3.63,-8.75,-6.0,0.37,-9.5
2026-07-03,1227,佳格,主結構關鍵K突破,29.55,30.0,2026-06-22,2026-06-25,29.55,29.05,1.47,4.38,1.86,2.03,-2.03,3.72,-3.21
2026-07-06,1227,佳格,主結構關鍵K突破,30.25,30.65,2026-07-02,2026-07-03,30.25,29.35,1.64,6.37,-1.32,-0.17,-5.12,1.32,-5.79
2026-07-16,1231,聯華食,主結構關鍵K突破,89.4,91.9,2026-06-05,2026-06-05,89.4,86.9,2.66,4.83,2.91,-8.28,-9.73,4.59,-11.63
2026-07-16,1231,聯華食,主結構關鍵K突破,89.5,91.9,2026-06-11,2026-06-12,89.5,87.5,2.66,4.83,2.79,-8.38,-9.83,4.47,-11.73
2026-07-16,1231,聯華食,主結構關鍵K突破,88.0,91.9,2026-06-17,2026-06-23,88.0,86.8,2.66,4.83,4.55,-6.82,-8.3,6.25,-10.23
2026-07-16,1231,聯華食,主結構關鍵K突破,89.2,91.9,2026-06-30,2026-07-03,89.2,87.4,2.66,4.83,3.14,-8.07,-9.53,4.82,-11.43
2026-08-07,1303,南亞,主結構關鍵K突破,166.5,188.0,2026-06-26,2026-06-30,166.5,157.0,1.24,3.76,24.62,15.32,35.44,50.15,3.6
2026-06-05,1307,三芳,主結構關鍵K突破,34.2,34.3,2026-06-03,2026-06-03,34.2,32.95,1.73,7.64,7.46,6.43,-3.07,11.99,-4.68
2026-07-03,1307,三芳,主結構關鍵K突破,35.2,35.8,2026-07-02,2026-07-02,35.2,34.15,1.82,4.45,-8.1,-10.51,-10.94,-1.42,-14.77
2026-07-02,1308,亞聚,主結構關鍵K突破,14.3,14.45,2026-06-18,2026-06-18,14.3,13.75,1.56,5.73,2.45,0.35,-12.24,18.88,-14.34
2026-08-12,1319,東陽,主結構關鍵K突破,79.0,79.2,2026-08-10,2026-08-11,79.0,76.8,1.23,6.2,3.42,4.18,0.76,8.86,-1.14
2026-06-03,1402,遠東新,主結構關鍵K突破,27.2,27.3,2026-05-21,2026-05-21,27.2,26.65,1.58,4.56,1.65,5.88,4.41,7.72,-2.94
2026-08-20,1402,遠東新,主結構關鍵K突破,28.05,29.2,2026-08-19,2026-08-19,28.05,27.3,2.08,6.77,1.25,3.74,0.18,9.27,-0.53
2026-06-04,1476,儒鴻,主結構關鍵K突破,353.0,363.5,2026-06-01,2026-06-01,353.0,339.0,1.39,7.09,-2.55,-7.37,-8.36,3.12,-12.89
2026-07-30,1476,儒鴻,主結構關鍵K突破,347.5,352.0,2026-07-20,2026-07-21,347.5,335.5,2.36,6.63,4.89,-6.04,-9.64,5.9,-13.53
2026-08-17,1504,東元,主結構關鍵K突破,71.4,71.9,2026-08-12,2026-08-13,71.4,68.3,1.34,7.13,0.14,1.54,-1.54,5.74,-2.94
2026-05-28,1513,中興電,主結構關鍵K突破,160.0,165.5,2026-05-25,2026-05-25,160.0,155.5,2.82,6.99,16.87,2.5,9.69,25.63,-3.12
2026-05-26,1514,亞力,主結構關鍵K突破,121.0,124.0,2026-04-30,2026-05-04,121.0,112.5,2.12,6.77,2.48,3.72,5.79,23.55,-5.79
2026-05-26,1514,亞力,主結構關鍵K突破,119.0,124.0,2026-05-19,2026-05-21,119.0,114.5,2.12,6.77,4.2,5.46,7.56,25.63,-4.2
2026-05-13,1563,巧新,主結構關鍵K突破,44.05,44.2,2026-05-08,2026-05-08,44.05,43.0,1.34,4.45,2.16,26.22,31.67,64.59,0.79
2026-08-27,1582,信錦,主結構關鍵K突破,75.0,75.9,2026-08-24,2026-08-26,75.0,73.1,2.18,6.26,-2.4,-6.13,-6.67,3.6,-8.13
2026-05-29,1608,華榮,主結構關鍵K突破,34.3,34.5,2026-05-04,2026-05-04,34.3,33.2,1.82,3.79,5.25,0.29,-3.94,14.87,-4.52
2026-05-25,1609,大亞,主結構關鍵K突破,35.3,36.0,2026-05-20,2026-05-21,35.3,34.25,1.41,6.09,10.48,4.67,5.24,26.49,0.0
2026-07-01,1609,大亞,主結構關鍵K突破,38.5,38.7,2026-06-11,2026-06-15,38.5,37.8,1.65,3.12,2.6,0.26,-15.58,14.94,-16.62
2026-09-09,1609,大亞,主結構關鍵K突破,38.0,38.1,2026-08-24,2026-08-26,38.0,37.1,1.29,3.33,-1.84,-1.84,-1.84,0.79,-2.11
2026-05-04,1612,宏泰,主結構關鍵K突破,35.75,36.45,2026-04-30,2026-04-30,35.75,35.4,2.79,3.38,4.2,-0.14,5.31,6.57,-1.4
2026-06-01,1612,宏泰,主結構關鍵K突破,37.5,37.65,2026-05-07,2026-05-07,37.5,36.8,1.81,3.88,0.67,1.6,-1.07,13.33,-3.73
2026-07-06,1616,億泰,主結構關鍵K突破,23.6,23.65,2026-07-02,2026-07-03,23.6,22.65,1.93,5.38,-12.71,-14.41,-17.8,2.12,-25.64
2026-05-27,1618,合機,主結構關鍵K突破,39.95,41.8,2026-05-25,2026-05-25,39.95,38.95,2.74,6.51,13.14,8.64,2.63,16.4,-4.38
2026-08-27,1618,合機,主結構關鍵K突破,39.4,40.65,2026-08-24,2026-08-24,39.4,38.7,1.7,4.33,0.25,-0.76,-1.78,4.19,-2.03
2026-08-25,1712,興農,主結構關鍵K突破,39.9,40.0,2026-08-20,2026-08-24,39.9,39.45,1.28,1.81,0.63,2.38,0.0,3.51,-1.0
2026-06-15,1722,台肥,主結構關鍵K突破,48.4,48.85,2026-06-02,2026-06-03,48.4,46.9,1.38,4.25,-1.65,-1.96,-0.72,2.38,-3.0
2026-06-15,1722,台肥,主結構關鍵K突破,48.8,48.85,2026-06-12,2026-06-12,48.8,47.6,1.38,4.25,-2.46,-2.77,-1.54,1.54,-3.79
2026-07-06,1722,台肥,主結構關鍵K突破,48.15,48.95,2026-07-01,2026-07-02,48.15,47.25,1.26,2.82,-1.25,-2.18,-6.33,2.08,-6.65
2026-06-01,1723,中碳,主結構關鍵K突破,83.4,83.9,2026-05-25,2026-05-25,83.4,80.2,1.58,4.47,1.08,7.91,-1.32,9.71,-2.76
2026-06-04,1723,中碳,主結構關鍵K突破,84.5,86.5,2026-05-29,2026-06-01,84.5,82.0,1.79,7.32,1.66,2.96,0.0,8.28,-4.26
2026-06-12,1723,中碳,主結構關鍵K突破,86.7,87.0,2026-06-04,2026-06-04,86.7,84.2,1.56,6.37,3.23,-4.27,-1.5,5.54,-6.69
2026-07-16,1723,中碳,主結構關鍵K突破,88.5,89.7,2026-06-10,2026-06-12,88.5,85.6,2.84,5.12,1.02,-4.86,-5.54,3.84,-9.04
2026-06-18,1727,中華化,主結構關鍵K突破,87.4,94.1,2026-05-13,2026-05-15,87.4,77.1,1.29,5.07,0.69,6.06,-11.9,18.42,-14.76
2026-06-18,1727,中華化,主結構關鍵K突破,93.0,94.1,2026-05-19,2026-05-21,93.0,85.1,1.29,5.07,-5.38,-0.32,-17.2,11.29,-19.89
2026-07-29,1736,喬山,主結構關鍵K突破,129.5,134.5,2026-06-26,2026-06-29,129.5,119.5,1.61,5.28,3.86,7.34,-0.77,14.29,-7.34
2026-08-10,1736,喬山,主結構關鍵K突破,136.5,139.5,2026-07-15,2026-07-20,136.5,125.5,2.17,5.98,-3.66,-6.96,-7.69,8.42,-10.99
2026-05-25,1802,台玻,主結構關鍵K突破,72.8,73.9,2026-04-30,2026-05-05,72.8,66.1,1.75,7.91,2.75,-14.84,-3.98,11.54,-22.12
2026-07-16,1808,潤隆,主結構關鍵K突破,31.7,32.1,2026-06-04,2026-06-04,31.7,30.75,1.57,3.6,1.1,2.37,4.42,6.78,-3.15
2026-08-20,1808,潤隆,主結構關鍵K突破,33.85,34.5,2026-07-29,2026-07-31,33.85,32.6,1.73,6.85,6.2,5.76,-1.92,11.67,-2.22
2026-08-19,1808,潤隆,主結構關鍵K突破,33.15,33.3,2026-08-04,2026-08-07,33.15,31.85,1.61,3.61,7.39,6.94,0.15,14.03,-0.15
2026-08-20,1808,潤隆,主結構關鍵K突破,33.5,34.5,2026-08-10,2026-08-10,33.5,32.5,1.73,6.85,7.31,6.87,-0.9,12.84,-1.19
2026-08-20,1808,潤隆,主結構關鍵K突破,33.55,34.5,2026-08-14,2026-08-19,33.55,32.6,1.73,6.85,7.15,6.71,-1.04,12.67,-1.34
2026-06-30,1810,和成,主結構關鍵K突破,19.2,21.35,2026-05-18,2026-05-21,19.2,18.5,1.41,6.14,25.52,61.98,23.96,77.86,7.55
2026-06-30,1810,和成,主結構關鍵K突破,20.15,21.35,2026-05-22,2026-05-27,20.15,18.6,1.41,6.14,19.6,54.34,18.11,69.48,2.48
2026-06-30,1810,和成,主結構關鍵K突破,20.55,21.35,2026-06-03,2026-06-04,20.55,19.8,1.41,6.14,17.27,51.34,15.82,66.18,0.49
2026-08-14,1810,和成,主結構關鍵K突破,23.25,27.55,2026-07-02,2026-07-03,23.25,21.1,1.6,5.11,9.89,8.6,1.29,24.73,1.29
2026-09-10,1904,正隆,主結構關鍵K突破,24.25,25.55,2026-08-10,2026-08-10,24.25,23.3,1.32,5.2,2.27,2.27,2.27,4.95,0.82
2026-06-05,1907,永豐餘,主結構關鍵K突破,25.45,26.05,2026-06-03,2026-06-03,25.45,24.5,1.8,6.92,1.38,7.66,12.77,14.54,-1.77
2026-07-29,1907,永豐餘,主結構關鍵K突破,27.45,28.45,2026-06-15,2026-06-16,27.45,26.0,1.79,2.37,8.38,9.84,10.75,15.48,2.91
2026-07-29,1907,永豐餘,主結構關鍵K突破,28.2,28.45,2026-07-02,2026-07-03,28.2,27.2,1.79,2.37,5.5,6.91,7.8,12.41,0.18
2026-08-06,1907,永豐餘,主結構關鍵K突破,29.2,30.35,2026-07-15,2026-07-15,29.2,27.65,1.33,7.62,2.4,4.28,3.77,8.56,-3.25
2026-07-30,1907,永豐餘,主結構關鍵K突破,28.9,29.0,2026-07-27,2026-07-29,28.9,28.2,1.22,4.09,5.02,3.46,5.88,9.69,-2.25
2026-08-06,1907,永豐餘,主結構關鍵K突破,29.65,30.35,2026-07-31,2026-07-31,29.65,28.8,1.33,7.62,0.84,2.7,2.19,6.91,-4.72
2026-07-03,1909,榮成,主結構關鍵K突破,10.2,10.3,2026-06-04,2026-06-04,10.2,9.49,2.35,7.84,0.49,-2.94,-1.47,9.31,-4.41
2026-07-03,1909,榮成,主結構關鍵K突破,9.85,10.3,2026-06-29,2026-07-02,9.85,9.47,2.35,7.84,4.06,0.51,2.03,13.2,-1.02
2026-08-14,1909,榮成,主結構關鍵K突破,10.35,10.6,2026-07-03,2026-07-03,10.35,9.75,1.85,4.08,8.21,4.83,0.97,11.11,0.48
2026-08-11,2002,中鋼,主結構關鍵K突破,19.65,19.75,2026-08-07,2026-08-10,19.65,19.15,1.81,4.6,-3.56,-3.05,-2.8,1.02,-4.58
2026-06-18,2006,東和鋼鐵,主結構關鍵K突破,69.1,69.5,2026-06-11,2026-06-12,69.1,66.8,2.74,4.07,1.01,0.43,1.3,5.07,-2.89
2026-07-30,2006,東和鋼鐵,主結構關鍵K突破,70.3,73.4,2026-07-09,2026-07-09,70.3,68.7,1.21,4.37,22.62,21.48,14.94,26.88,3.7
2026-07-30,2006,東和鋼鐵,主結構關鍵K突破,73.1,73.4,2026-07-22,2026-07-27,73.1,71.6,1.21,4.37,17.92,16.83,10.53,22.02,-0.27
2026-08-25,2009,第一銅,主結構關鍵K突破,39.9,41.25,2026-08-19,2026-08-21,39.9,39.0,1.56,7.66,2.01,1.75,-3.51,10.78,-4.64
2026-06-12,2010,春源,主結構關鍵K突破,24.35,24.6,2026-06-05,2026-06-05,24.35,23.95,1.62,4.7,1.64,-2.87,-12.94,3.29,-13.96
2026-06-18,2010,春源,主結構關鍵K突破,24.75,24.85,2026-06-11,2026-06-12,24.75,24.0,1.39,5.79,-3.23,-12.93,-15.76,1.01,-16.57
2026-05-08,2027,大成鋼,主結構關鍵K突破,39.2,39.6,2026-05-07,2026-05-07,39.2,38.25,1.47,5.36,1.66,7.02,11.73,14.16,-4.08
2026-09-04,2034,允強,主結構關鍵K突破,20.6,21.1,2026-08-17,2026-08-20,20.6,19.8,2.39,6.33,-1.7,-1.46,-1.46,3.88,-2.67
2026-09-09,2049,上銀,主結構關鍵K突破,365.0,370.5,2026-08-05,2026-08-05,365.0,340.5,1.67,4.02,-11.37,-11.37,-11.37,3.56,-11.37
2026-08-07,2101,南港,主結構關鍵K突破,34.5,35.5,2026-08-04,2026-08-05,34.5,33.35,1.7,6.36,-8.55,-3.62,-9.13,1.45,-10.87
2026-06-03,2105,正新,主結構關鍵K突破,34.45,34.55,2026-06-02,2026-06-02,34.45,32.7,2.97,7.79,0.29,-13.79,-7.98,2.47,-15.67
2026-08-11,2106,建大,主結構關鍵K突破,18.45,18.9,2026-07-23,2026-07-28,18.45,17.75,1.31,5.61,-5.69,-6.5,-8.13,0.81,-8.94
2026-06-03,2108,南帝,主結構關鍵K突破,28.15,28.9,2026-05-19,2026-05-21,28.15,27.55,2.7,5.6,0.36,3.73,0.89,16.16,-4.44
2026-06-04,2204,中華,主結構關鍵K突破,55.1,56.1,2026-06-02,2026-06-03,55.1,53.7,1.39,4.81,0.18,0.36,3.63,4.54,-1.09
2026-07-03,2204,中華,主結構關鍵K突破,56.6,57.1,2026-06-12,2026-06-12,56.6,55.4,1.2,3.69,0.88,-0.35,-9.01,2.83,-10.42
2026-07-03,2204,中華,主結構關鍵K突破,56.8,57.1,2026-07-01,2026-07-01,56.8,55.3,1.2,3.69,0.53,-0.7,-9.33,2.46,-10.74
2026-07-29,2207,和泰車,主結構關鍵K突破,493.0,519.0,2026-06-23,2026-06-23,493.0,478.0,2.99,7.69,3.25,2.23,6.09,16.23,1.83
2026-07-29,2207,和泰車,主結構關鍵K突破,493.0,519.0,2026-07-16,2026-07-16,493.0,481.0,2.99,7.69,3.25,2.23,6.09,16.23,1.83
2026-07-29,2207,和泰車,主結構關鍵K突破,503.0,519.0,2026-07-22,2026-07-27,503.0,493.0,2.99,7.69,1.19,0.2,3.98,13.92,-0.2
2026-06-30,2236,百達-KY,主結構關鍵K突破,138.5,146.5,2026-05-19,2026-05-21,138.5,129.5,2.52,6.46,33.21,19.49,-5.42,36.82,-14.08
2026-08-06,2317,鴻海,主結構關鍵K突破,260.5,264.5,2026-08-04,2026-08-05,260.5,256.0,1.45,7.98,0.58,-5.37,-4.99,5.37,-8.64
2026-09-04,2324,仁寶,主結構關鍵K突破,37.35,41.6,2026-08-04,2026-08-04,37.35,35.85,1.26,7.8,1.2,1.47,1.47,11.38,-0.13
2026-09-04,2324,仁寶,主結構關鍵K突破,39.9,41.6,2026-08-10,2026-08-12,39.9,36.6,1.26,7.8,-5.26,-5.01,-5.01,4.26,-6.52
2026-05-29,2330,台積電,主結構關鍵K突破,2345.0,2355.0,2026-05-07,2026-05-07,2345.0,2310.0,2.56,6.27,0.85,-1.49,1.07,8.1,-5.76
2026-05-29,2330,台積電,主結構關鍵K突破,2310.0,2355.0,2026-05-25,2026-05-25,2310.0,2275.0,2.56,6.27,2.38,0.0,2.6,9.74,-4.33
2026-09-07,2330,台積電,主結構關鍵K突破,2445.0,2460.0,2026-08-13,2026-08-13,2445.0,2425.0,1.33,3.38,-2.66,-2.66,-2.66,2.45,-2.66
2026-09-01,2330,台積電,主結構關鍵K突破,2425.0,2440.0,2026-08-24,2026-08-26,2425.0,2375.0,1.48,2.74,1.86,-1.86,-1.86,3.3,-1.86
2026-09-08,2330,台積電,主結構關鍵K突破,2460.0,2470.0,2026-09-03,2026-09-07,2460.0,2430.0,1.4,3.53,-3.25,-3.25,-3.25,1.22,-3.25
2026-06-15,2342,茂矽,主結構關鍵K突破,41.5,43.7,2026-05-19,2026-05-21,41.5,39.95,1.38,4.81,37.35,36.39,17.35,53.98,7.83
2026-05-28,2347,聯強,主結構關鍵K突破,85.5,85.7,2026-04-30,2026-05-06,85.5,82.5,1.24,2.7,5.15,6.2,8.54,13.57,-1.64
2026-06-09,2347,聯強,主結構關鍵K突破,87.5,91.0,2026-05-07,2026-05-11,87.5,83.3,2.01,7.1,6.29,5.49,1.83,12.34,0.57
2026-06-09,2347,聯強,主結構關鍵K突破,86.7,91.0,2026-05-22,2026-05-27,86.7,84.3,2.01,7.1,7.27,6.46,2.77,13.38,1.5
2026-06-23,2351,順德,主結構關鍵K突破,197.0,198.0,2026-05-19,2026-05-21,197.0,182.5,2.55,2.6,7.87,8.38,-14.72,18.27,-21.07
2026-05-13,2352,佳世達,主結構關鍵K突破,26.0,26.25,2026-05-06,2026-05-06,26.0,24.75,1.52,6.68,0.19,5.96,15.77,36.73,-4.42
2026-05-13,2352,佳世達,主結構關鍵K突破,26.0,26.25,2026-05-12,2026-05-12,26.0,25.2,1.52,6.68,0.19,5.96,15.77,36.73,-4.42
2026-07-01,2352,佳世達,主結構關鍵K突破,27.45,32.35,2026-05-18,2026-05-21,27.45,26.1,2.85,6.6,25.32,14.21,-3.64,32.24,-5.1
2026-07-01,2352,佳世達,主結構關鍵K突破,29.3,32.35,2026-05-22,2026-05-22,29.3,28.05,2.85,6.6,17.41,7.0,-9.73,23.89,-11.09
2026-07-01,2352,佳世達,主結構關鍵K突破,31.5,32.35,2026-05-28,2026-06-01,31.5,29.2,2.85,6.6,9.21,-0.48,-16.03,15.24,-17.3
2026-05-22,2353,宏碁,主結構關鍵K突破,29.1,29.55,2026-05-11,2026-05-11,29.1,27.75,2.78,5.87,20.96,31.96,16.84,51.89,6.01
2026-08-14,2353,宏碁,主結構關鍵K突破,31.95,32.3,2026-08-12,2026-08-12,31.95,30.85,2.43,5.65,-3.91,-3.44,-2.66,3.44,-5.95
2026-09-04,2353,宏碁,主結構關鍵K突破,31.75,32.7,2026-08-28,2026-09-01,31.75,31.2,2.12,6.64,-2.05,-1.1,-1.1,4.09,-3.15
2026-09-11,2354,鴻準,主結構關鍵K突破,61.0,65.7,2026-08-04,2026-08-06,61.0,57.4,1.52,5.4,6.07,6.07,6.07,6.39,3.77
2026-09-11,2354,鴻準,主結構關鍵K突破,61.8,65.7,2026-08-26,2026-08-26,61.8,60.2,1.52,5.4,4.69,4.69,4.69,5.02,2.43
2026-06-12,2355,敬鵬,主結構關鍵K突破,57.7,61.6,2026-05-18,2026-05-18,57.7,51.6,1.39,7.04,1.73,-8.49,-18.2,10.92,-21.32
2026-08-27,2355,敬鵬,主結構關鍵K突破,42.7,44.4,2026-08-26,2026-08-26,42.7,41.65,1.89,7.95,-1.99,-1.99,-4.33,6.32,-4.33
2026-05-07,2362,藍天,主結構關鍵K突破,39.2,39.95,2026-04-30,2026-05-05,39.2,38.3,1.79,3.72,-0.26,1.79,23.34,32.91,-2.81
2026-05-22,2362,藍天,主結構關鍵K突破,40.0,40.85,2026-05-07,2026-05-07,40.0,39.15,2.16,4.81,10.12,17.38,18.0,30.25,1.75
2026-05-29,2374,佳能,主結構關鍵K突破,81.3,83.2,2026-04-30,2026-04-30,81.3,74.5,1.52,6.01,-1.97,-11.32,-10.21,6.27,-14.39
2026-06-01,2374,佳能,主結構關鍵K突破,83.7,84.7,2026-05-07,2026-05-12,83.7,78.8,1.6,7.36,-13.26,-10.16,-10.39,2.03,-16.85
2026-06-01,2374,佳能,主結構關鍵K突破,84.0,84.7,2026-05-19,2026-05-22,84.0,80.4,1.6,7.36,-13.57,-10.48,-10.71,1.67,-17.14
2026-07-14,2382,廣達,主結構關鍵K突破,378.0,380.0,2026-07-01,2026-07-03,378.0,368.5,1.52,0.83,-14.29,-17.06,-16.53,1.59,-26.19
2026-09-09,2382,廣達,主結構關鍵K突破,333.0,342.0,2026-08-26,2026-08-26,333.0,325.0,1.48,5.93,-0.15,-0.15,-0.15,2.25,-1.35
2026-07-13,2395,研華,主結構關鍵K突破,511.0,536.0,2026-07-02,2026-07-02,511.0,493.5,1.49,7.94,0.98,12.92,30.53,36.01,-3.42
2026-07-02,2399,映泰,主結構關鍵K突破,46.8,51.5,2026-05-19,2026-05-22,46.8,43.85,1.25,5.32,4.38,-20.3,-29.27,17.52,-35.9
2026-07-02,2399,映泰,主結構關鍵K突破,49.5,51.5,2026-05-25,2026-05-25,49.5,46.05,1.25,5.32,-1.31,-24.65,-33.13,11.11,-39.39
2026-09-11,2412,中華電,主結構關鍵K突破,139.0,140.5,2026-09-04,2026-09-08,139.0,137.0,1.58,2.55,2.52,2.52,2.52,2.52,1.08
2026-09-14,2412,中華電,主結構關鍵K突破,140.5,142.5,2026-09-10,2026-09-11,140.5,139.0,1.95,3.93,,,,,
2026-07-14,2414,精技,主結構關鍵K突破,53.9,63.6,2026-06-04,2026-06-04,53.9,52.3,2.23,7.53,5.57,3.71,-3.71,20.41,-4.82
2026-07-14,2414,精技,主結構關鍵K突破,62.5,63.6,2026-06-10,2026-06-10,62.5,56.9,2.23,7.53,-8.96,-10.56,-16.96,3.84,-17.92
2026-07-14,2414,精技,主結構關鍵K突破,63.3,63.6,2026-06-16,2026-06-18,63.3,61.5,2.23,7.53,-10.11,-11.69,-18.01,2.53,-18.96
2026-07-14,2414,精技,主結構關鍵K突破,61.0,63.6,2026-06-29,2026-07-02,61.0,59.5,2.23,7.53,-6.72,-8.36,-14.92,6.39,-15.9
2026-07-14,2414,精技,主結構關鍵K突破,61.7,63.6,2026-07-03,2026-07-03,61.7,60.1,2.23,7.53,-7.78,-9.4,-15.88,5.19,-16.86
2026-06-22,2420,新巨,主結構關鍵K突破,58.0,64.2,2026-05-07,2026-05-12,58.0,56.1,1.37,4.55,3.97,6.9,-0.69,12.07,-4.83
2026-06-22,2420,新巨,主結構關鍵K突破,59.7,64.2,2026-05-13,2026-05-18,59.7,56.4,1.37,4.55,1.01,3.85,-3.52,8.88,-7.54
2026-06-22,2420,新巨,主結構關鍵K突破,63.4,64.2,2026-05-19,2026-05-21,63.4,58.9,1.37,4.55,-4.89,-2.21,-9.15,2.52,-12.93
2026-05-21,2421,建準,主結構關鍵K突破,151.0,152.0,2026-04-30,2026-05-04,151.0,145.0,1.6,4.71,3.64,11.59,-3.97,17.88,-7.95
2026-06-11,2425,承啟,主結構關鍵K突破,32.35,36.45,2026-04-30,2026-05-05,32.35,31.0,1.54,7.26,21.79,21.95,36.17,43.74,10.97
2026-06-11,2425,承啟,主結構關鍵K突破,33.8,36.45,2026-05-07,2026-05-11,33.8,32.85,1.54,7.26,16.57,16.72,30.33,37.57,6.21
2026-06-11,2425,承啟,主結構關鍵K突破,35.4,36.45,2026-05-13,2026-05-14,35.4,33.65,1.54,7.26,11.3,11.44,24.44,31.36,1.41
2026-06-11,2425,承啟,主結構關鍵K突破,34.85,36.45,2026-05-19,2026-05-22,34.85,34.15,1.54,7.26,13.06,13.2,26.4,33.43,3.01
2026-06-11,2425,承啟,主結構關鍵K突破,35.65,36.45,2026-05-25,2026-05-25,35.65,34.85,1.54,7.26,10.52,10.66,23.56,30.43,0.7
2026-09-09,2436,偉詮電,主結構關鍵K突破,67.9,69.0,2026-08-24,2026-08-27,67.9,64.5,1.31,7.04,0.0,0.0,0.0,3.68,-3.39
2026-06-02,2439,美律,主結構關鍵K突破,93.1,93.5,2026-05-26,2026-05-26,93.1,88.2,1.56,6.49,-2.69,-3.87,-3.87,2.47,-7.41
2026-07-09,2441,超豐,主結構關鍵K突破,137.0,144.5,2026-06-16,2026-06-18,137.0,127.5,1.22,7.57,-7.66,-13.87,-14.23,10.95,-32.85
2026-07-09,2441,超豐,主結構關鍵K突破,142.0,144.5,2026-06-29,2026-07-02,142.0,134.0,1.22,7.57,-10.92,-16.9,-17.25,7.04,-35.21
2026-06-03,2442,新美齊,主結構關鍵K突破,18.95,19.4,2026-06-01,2026-06-01,18.95,18.55,1.92,4.51,5.54,5.28,2.11,7.92,-0.53
2026-05-25,2453,凌群,主結構關鍵K突破,57.2,57.5,2026-05-19,2026-05-22,57.2,55.9,2.22,5.18,11.71,1.05,-1.4,14.69,-4.37
2026-06-16,2455,全新,主結構關鍵K突破,375.0,405.5,2026-05-07,2026-05-12,375.0,361.5,1.83,5.59,5.87,-4.4,-16.53,19.33,-20.0
2026-06-16,2455,全新,主結構關鍵K突破,387.0,405.5,2026-05-13,2026-05-18,387.0,340.0,1.83,5.59,2.58,-7.36,-19.12,15.63,-22.48
2026-06-18,2455,全新,主結構關鍵K突破,414.0,416.0,2026-05-19,2026-05-20,414.0,372.5,2.62,6.9,-15.94,-13.53,-33.09,-0.48,-38.41
2026-05-25,2476,鉅祥,主結構關鍵K突破,122.0,124.5,2026-05-07,2026-05-11,122.0,111.5,1.44,7.08,0.0,-3.28,5.33,10.66,-11.48
2026-07-02,2476,鉅祥,主結構關鍵K突破,133.0,134.0,2026-05-25,2026-05-26,133.0,123.0,1.33,7.76,-3.01,-10.9,-14.66,5.26,-24.44
2026-06-15,2476,鉅祥,主結構關鍵K突破,126.0,128.0,2026-06-05,2026-06-09,126.0,119.5,1.44,6.64,1.98,3.17,2.78,11.11,-7.54
2026-07-02,2476,鉅祥,主結構關鍵K突破,130.0,134.0,2026-06-22,2026-06-23,130.0,123.0,1.33,7.76,-0.77,-8.85,-12.69,7.69,-22.69
2026-07-09,2495,普安,主結構關鍵K突破,52.0,52.5,2026-05-29,2026-05-29,52.0,49.5,1.65,3.22,-24.23,-27.69,-29.13,1.54,-39.9
2026-07-03,2511,太子,主結構關鍵K突破,8.3,8.4,2026-06-10,2026-06-10,8.3,7.95,2.33,4.86,2.41,3.01,2.41,5.18,-2.17
2026-07-03,2511,太子,主結構關鍵K突破,8.24,8.4,2026-06-29,2026-07-01,8.24,8.08,2.33,4.86,3.16,3.76,3.16,5.95,-1.46
2026-07-06,2511,太子,主結構關鍵K突破,8.44,8.64,2026-07-03,2026-07-03,8.44,8.17,2.59,7.45,-0.24,1.54,0.71,3.44,-3.79
2026-06-22,2515,中工,主結構關鍵K突破,13.5,13.55,2026-06-17,2026-06-17,13.5,13.0,1.33,4.49,-4.07,5.56,-8.89,13.33,-10.74
2026-07-08,2515,中工,主結構關鍵K突破,13.8,14.2,2026-07-02,2026-07-02,13.8,13.2,1.71,7.49,-5.8,-10.87,-14.13,2.9,-18.12
2026-06-05,2520,冠德,主結構關鍵K突破,31.85,32.1,2026-06-03,2026-06-03,31.85,31.0,1.62,5.6,9.89,6.75,10.68,17.27,-2.67
2026-08-17,2520,冠德,主結構關鍵K突破,35.2,35.9,2026-07-02,2026-07-03,35.2,34.1,1.51,2.3,3.55,3.55,3.98,6.68,-0.99
2026-08-19,2520,冠德,主結構關鍵K突破,36.35,36.7,2026-07-15,2026-07-15,36.35,35.15,1.67,4.32,-1.51,-1.38,0.69,3.3,-4.13
2026-09-04,2520,冠德,主結構關鍵K突破,36.8,37.1,2026-08-19,2026-08-19,36.8,35.65,2.07,4.59,-0.95,-0.54,-0.54,1.77,-2.04
2026-05-27,2535,達欣工,主結構關鍵K突破,75.3,78.0,2026-05-06,2026-05-07,75.3,73.2,1.79,5.36,7.3,19.12,26.29,30.94,3.72
2026-05-27,2535,達欣工,主結構關鍵K突破,76.0,78.0,2026-05-18,2026-05-21,76.0,74.6,1.79,5.36,6.32,18.03,25.13,29.74,2.76
2026-05-27,2535,達欣工,主結構關鍵K突破,77.6,78.0,2026-05-22,2026-05-22,77.6,75.9,1.79,5.36,4.12,15.59,22.55,27.06,0.64
2026-07-13,2539,櫻花建,主結構關鍵K突破,40.25,40.95,2026-06-18,2026-06-18,40.25,39.15,1.27,6.15,0.37,2.86,6.46,8.7,-1.37
2026-07-13,2539,櫻花建,主結構關鍵K突破,39.8,40.95,2026-07-01,2026-07-06,39.8,39.1,1.27,6.15,1.51,4.02,7.66,9.92,-0.25
2026-07-16,2539,櫻花建,主結構關鍵K突破,41.0,41.2,2026-07-07,2026-07-13,41.0,39.3,1.42,5.65,-1.46,4.76,1.95,6.71,-3.17
2026-07-30,2539,櫻花建,主結構關鍵K突破,41.4,42.95,2026-07-24,2026-07-27,41.4,40.5,1.24,7.38,4.11,0.97,-16.67,5.68,-18.6
2026-06-03,2542,興富發,主結構關鍵K突破,41.75,43.0,2026-05-07,2026-05-11,41.75,40.2,1.42,4.1,8.86,8.86,3.23,12.81,-1.32
2026-06-04,2542,興富發,主結構關鍵K突破,43.0,43.1,2026-05-13,2026-05-13,43.0,41.55,1.27,3.59,5.47,4.07,1.51,9.53,-4.19
2026-08-13,2542,興富發,主結構關鍵K突破,44.95,46.4,2026-07-23,2026-07-23,44.95,43.85,1.94,5.49,7.45,6.23,3.45,9.01,1.78
2026-08-13,2542,興富發,主結構關鍵K突破,44.6,46.4,2026-08-07,2026-08-07,44.6,44.0,1.94,5.49,8.3,7.06,4.26,9.87,2.58
2026-08-17,2542,興富發,主結構關鍵K突破,46.4,46.8,2026-08-13,2026-08-13,46.4,44.9,1.4,5.9,4.09,0.54,-1.51,5.6,-2.48
2026-09-03,2542,興富發,主結構關鍵K突破,48.2,48.65,2026-08-19,2026-08-19,48.2,47.1,1.24,5.88,-3.53,-5.19,-5.19,1.14,-6.12
2026-08-31,2543,皇昌,主結構關鍵K突破,39.45,39.8,2026-08-17,2026-08-20,39.45,38.45,1.42,3.36,-2.03,-4.69,-4.69,0.38,-5.7
2026-07-01,2547,日勝生,主結構關鍵K突破,10.65,11.25,2026-06-04,2026-06-08,10.65,10.15,1.3,6.08,5.63,4.23,-2.82,10.8,-5.63
2026-07-03,2547,日勝生,主結構關鍵K突破,11.35,11.55,2026-06-29,2026-07-01,11.35,10.85,1.37,7.97,-0.44,-10.13,-9.25,3.96,-11.45
2026-05-29,2597,潤弘,主結構關鍵K突破,161.5,166.0,2026-05-08,2026-05-11,161.5,156.0,1.77,4.96,14.24,17.96,1.24,26.93,1.24
2026-06-01,2597,潤弘,主結構關鍵K突破,166.0,166.5,2026-05-26,2026-05-29,166.0,157.0,1.34,5.26,11.14,14.76,-1.51,23.49,-3.31
2026-05-22,2603,長榮,主結構關鍵K突破,213.5,219.0,2026-05-06,2026-05-06,213.5,209.0,2.03,6.81,-0.23,8.67,-9.6,13.58,-10.07
2026-06-01,2603,長榮,主結構關鍵K突破,219.0,224.0,2026-05-22,2026-05-22,219.0,214.0,1.76,7.87,2.28,2.51,-15.75,10.73,-17.58
2026-08-10,2603,長榮,主結構關鍵K突破,208.0,214.0,2026-07-29,2026-08-03,208.0,202.5,1.56,7.65,11.3,20.43,12.02,23.32,1.44
2026-08-10,2603,長榮,主結構關鍵K突破,207.5,214.0,2026-08-04,2026-08-07,207.5,204.0,1.56,7.65,11.57,20.72,12.29,23.61,1.69
2026-08-14,2603,長榮,主結構關鍵K突破,215.0,219.0,2026-08-10,2026-08-10,215.0,208.0,1.49,7.86,16.98,7.67,9.07,19.3,1.86
2026-05-25,2606,裕民,主結構關鍵K突破,65.5,67.9,2026-05-05,2026-05-06,65.5,64.0,1.31,7.43,9.77,4.12,-5.8,11.45,-8.09
2026-08-17,2606,裕民,主結構關鍵K突破,65.0,68.3,2026-08-04,2026-08-05,65.0,63.8,1.3,7.03,11.23,17.08,17.23,25.69,4.62
2026-08-12,2607,榮運,主結構關鍵K突破,48.75,50.5,2026-08-10,2026-08-10,48.75,47.85,2.79,7.01,3.38,7.49,9.74,10.77,1.44
2026-08-31,2607,榮運,主結構關鍵K突破,52.4,52.7,2026-08-20,2026-08-20,52.4,50.8,1.7,6.93,1.34,1.15,1.15,3.05,-0.19
2026-06-05,2609,陽明,主結構關鍵K突破,53.9,54.5,2026-05-22,2026-05-22,53.9,51.8,2.41,6.92,-2.78,-2.97,-1.67,-0.37,-7.24
2026-06-01,2610,華航,主結構關鍵K突破,19.25,19.55,2026-05-11,2026-05-11,19.25,18.65,1.55,6.16,-1.04,11.17,23.12,28.57,-1.82
2026-06-12,2610,華航,主結構關鍵K突破,19.6,20.4,2026-05-29,2026-06-01,19.6,19.15,1.35,7.82,11.22,17.86,4.08,26.28,2.55
2026-05-19,2615,萬海,主結構關鍵K突破,78.2,80.4,2026-05-07,2026-05-07,78.2,77.4,2.6,5.45,4.22,7.67,4.22,12.28,1.15
2026-07-03,2617,台航,主結構關鍵K突破,30.15,30.5,2026-06-11,2026-06-12,30.15,29.6,1.65,3.0,-0.17,-4.98,-5.31,2.99,-7.63
2026-07-03,2617,台航,主結構關鍵K突破,29.95,30.5,2026-07-02,2026-07-02,29.95,29.45,1.65,3.0,0.5,-4.34,-4.67,3.67,-7.01
2026-05-29,2618,長榮航,主結構關鍵K突破,36.0,36.05,2026-05-11,2026-05-11,36.0,35.7,2.83,3.9,4.72,7.5,21.94,26.81,-0.42
2026-08-20,2636,台驊控股,主結構關鍵K突破,69.7,71.2,2026-08-13,2026-08-17,69.7,67.9,2.46,6.9,-0.29,-0.29,0.0,13.2,-2.3
2026-05-06,2637,慧洋-KY,主結構關鍵K突破,73.6,76.0,2026-04-30,2026-05-04,73.6,71.7,1.83,6.63,0.41,-2.45,4.62,8.42,-4.35
2026-06-01,2637,慧洋-KY,主結構關鍵K突破,76.9,78.8,2026-05-27,2026-05-27,76.9,73.5,1.61,6.78,2.08,2.99,-5.59,9.23,-7.8
2026-07-09,2637,慧洋-KY,主結構關鍵K突破,81.4,83.0,2026-07-08,2026-07-08,81.4,79.1,2.02,7.86,-2.46,2.95,7.99,8.6,-4.67
2026-08-18,2637,慧洋-KY,主結構關鍵K突破,84.7,88.7,2026-07-21,2026-07-22,84.7,81.9,1.27,6.36,12.75,12.87,19.24,27.51,3.42
2026-08-18,2637,慧洋-KY,主結構關鍵K突破,87.5,88.7,2026-08-05,2026-08-05,87.5,84.4,1.27,6.36,9.14,9.26,15.43,23.43,0.11
2026-06-05,2645,長榮航太,主結構關鍵K突破,169.0,169.5,2026-05-06,2026-05-08,169.0,160.0,1.26,6.14,-1.48,2.66,40.83,40.83,-5.33
2026-06-22,2645,長榮航太,主結構關鍵K突破,172.0,173.5,2026-05-29,2026-05-29,172.0,164.5,1.69,6.35,0.0,38.37,25.0,50.0,-2.03
2026-06-03,2646,星宇航空,主結構關鍵K突破,21.0,21.05,2026-06-02,2026-06-02,21.0,20.45,2.04,3.35,-4.05,0.95,0.24,6.9,-6.19
2026-07-21,2646,星宇航空,主結構關鍵K突破,21.65,22.0,2026-07-03,2026-07-03,21.65,21.05,1.69,4.21,0.69,-2.31,-3.93,2.54,-6.7
2026-07-21,2646,星宇航空,主結構關鍵K突破,21.65,22.0,2026-07-16,2026-07-16,21.65,21.3,1.69,4.21,0.69,-2.31,-3.93,2.54,-6.7
2026-06-04,2731,雄獅,主結構關鍵K突破,170.0,175.0,2026-05-28,2026-06-01,170.0,167.5,2.39,7.88,-10.59,-10.59,-11.76,4.41,-13.24
2026-07-21,2801,彰銀,主結構關鍵K突破,22.4,24.3,2026-06-05,2026-06-09,22.4,21.05,1.28,4.46,9.6,12.5,6.7,14.96,2.68
2026-07-21,2801,彰銀,主結構關鍵K突破,22.95,24.3,2026-06-11,2026-06-12,22.95,22.45,1.28,4.46,6.97,9.8,4.14,12.2,0.22
2026-07-21,2801,彰銀,主結構關鍵K突破,23.3,24.3,2026-06-17,2026-06-23,23.3,22.8,1.28,4.46,5.36,8.15,2.58,10.52,-1.29
2026-07-21,2801,彰銀,主結構關鍵K突破,23.6,24.3,2026-06-24,2026-06-25,23.6,22.9,1.28,4.46,4.03,6.78,1.27,9.11,-2.54
2026-07-21,2801,彰銀,主結構關鍵K突破,24.0,24.3,2026-06-30,2026-06-30,24.0,23.4,1.28,4.46,2.29,5.0,-0.42,7.29,-4.17
2026-07-21,2801,彰銀,主結構關鍵K突破,23.95,24.3,2026-07-06,2026-07-08,23.95,23.5,1.28,4.46,2.51,5.22,-0.21,7.52,-3.97
2026-07-22,2801,彰銀,主結構關鍵K突破,24.3,24.65,2026-07-17,2026-07-21,24.3,23.85,1.23,5.41,0.62,-2.67,-1.65,5.97,-5.35
2026-09-02,2801,彰銀,主結構關鍵K突破,25.3,25.7,2026-08-31,2026-09-01,25.3,24.9,1.59,6.1,6.13,12.85,12.85,13.24,1.58
2026-07-17,2812,台中銀,主結構關鍵K突破,20.15,20.55,2026-06-30,2026-07-02,20.15,19.8,2.19,2.92,1.49,1.74,-7.44,3.47,-8.68
2026-06-10,2820,華票,主結構關鍵K突破,17.4,17.6,2026-06-04,2026-06-09,17.4,16.9,2.49,4.04,2.59,2.59,-2.01,3.74,-4.6
2026-06-15,2820,華票,主結構關鍵K突破,17.65,17.75,2026-06-10,2026-06-10,17.65,17.35,1.27,4.42,0.28,0.0,-5.67,2.27,-6.23
2026-09-03,2820,華票,主結構關鍵K突破,16.8,17.05,2026-08-28,2026-09-02,16.8,16.5,2.7,3.59,1.49,3.57,3.57,3.87,-0.3
2026-09-11,2820,華票,主結構關鍵K突破,17.3,17.4,2026-09-03,2026-09-03,17.3,16.75,2.28,5.14,0.58,0.58,0.58,0.87,-0.58
2026-06-03,2834,臺企銀,主結構關鍵K突破,16.3,16.85,2026-06-02,2026-06-02,16.3,16.1,2.68,4.17,3.99,8.28,8.9,11.04,0.31
2026-07-16,2834,臺企銀,主結構關鍵K突破,17.55,18.15,2026-06-12,2026-06-12,17.55,17.15,1.23,3.36,1.99,3.13,-6.27,4.84,-7.41
2026-07-16,2834,臺企銀,主結構關鍵K突破,18.1,18.15,2026-06-25,2026-06-25,18.1,17.75,1.23,3.36,-1.1,0.0,-9.12,1.66,-10.22
2026-07-03,2836,高雄銀,主結構關鍵K突破,12.4,12.45,2026-06-04,2026-06-09,12.4,11.9,1.9,2.78,1.21,1.21,-3.63,4.84,-4.84
2026-07-06,2836,高雄銀,主結構關鍵K突破,12.5,12.55,2026-07-03,2026-07-03,12.5,12.15,2.75,3.41,0.4,1.2,-4.8,4.0,-6.0
2026-07-27,2836,高雄銀,主結構關鍵K突破,12.8,12.9,2026-07-16,2026-07-16,12.8,12.6,1.7,3.63,-6.64,-7.03,-5.47,1.56,-8.2
2026-06-03,2838,聯邦銀,主結構關鍵K突破,20.75,21.1,2026-06-02,2026-06-02,20.75,20.3,1.87,3.8,4.34,8.19,9.88,10.84,-0.72
2026-06-17,2838,聯邦銀,主結構關鍵K突破,21.9,22.45,2026-06-08,2026-06-09,21.9,20.6,1.33,7.83,4.11,4.11,-6.39,13.7,-6.85
2026-09-08,2838,聯邦銀,主結構關鍵K突破,21.0,21.3,2026-09-04,2026-09-07,21.0,20.7,1.35,4.46,2.86,2.86,2.86,3.1,-0.95
2026-06-12,2845,遠東銀,主結構關鍵K突破,12.85,12.95,2026-06-05,2026-06-09,12.85,12.25,1.4,5.99,0.0,1.95,3.5,4.67,-0.39
2026-07-31,2845,遠東銀,主結構關鍵K突破,13.4,13.5,2026-06-17,2026-06-17,13.4,13.0,2.32,2.07,-1.49,-1.49,0.0,2.24,-2.24
2026-08-17,2845,遠東銀,主結構關鍵K突破,13.5,13.6,2026-07-13,2026-07-15,13.5,13.25,2.36,2.2,0.74,0.0,1.85,2.59,-4.44
2026-06-09,2884,玉山金,主結構關鍵K突破,33.7,34.2,2026-06-04,2026-06-04,33.7,32.9,1.63,6.94,4.45,3.86,3.12,8.61,-2.67
2026-07-20,2884,玉山金,主結構關鍵K突破,35.35,35.85,2026-06-16,2026-06-16,35.35,34.45,1.38,3.74,2.97,8.77,6.79,10.61,-0.85
2026-07-20,2884,玉山金,主結構關鍵K突破,35.0,35.85,2026-07-06,2026-07-08,35.0,34.2,1.38,3.74,4.0,9.86,7.86,11.71,0.14
2026-07-20,2884,玉山金,主結構關鍵K突破,35.5,35.85,2026-07-17,2026-07-17,35.5,34.5,1.38,3.74,2.54,8.31,6.34,10.14,-1.27
2026-07-30,2884,玉山金,主結構關鍵K突破,36.9,37.7,2026-07-29,2026-07-29,36.9,35.85,1.41,7.1,2.85,1.08,4.47,6.78,-1.63
2026-08-31,2884,玉山金,主結構關鍵K突破,38.2,39.75,2026-08-14,2026-08-14,38.2,36.95,1.96,5.62,14.01,21.34,21.34,21.47,2.09
2026-08-31,2884,玉山金,主結構關鍵K突破,39.1,39.75,2026-08-20,2026-08-25,39.1,38.1,1.96,5.62,11.38,18.54,18.54,18.67,-0.26
2026-09-02,2884,玉山金,主結構關鍵K突破,39.75,40.5,2026-08-26,2026-08-31,39.75,38.5,1.21,6.91,11.32,16.6,16.6,16.73,2.01
2026-09-02,2884,玉山金,主結構關鍵K突破,39.9,40.5,2026-09-01,2026-09-01,39.9,39.0,1.21,6.91,10.9,16.17,16.17,16.29,1.63
2026-07-07,2889,國票金,主結構關鍵K突破,15.2,15.3,2026-06-02,2026-06-03,15.2,14.65,1.23,2.41,3.95,3.29,0.99,5.92,-0.33
2026-07-09,2889,國票金,主結構關鍵K突破,15.3,15.8,2026-07-07,2026-07-07,15.3,15.1,2.78,5.2,2.61,2.94,0.0,5.23,-0.98
2026-09-04,2889,國票金,主結構關鍵K突破,16.35,16.6,2026-08-24,2026-08-27,16.35,15.7,1.41,5.99,2.45,4.28,4.28,4.28,-0.61
2026-07-22,2890,永豐金,主結構關鍵K突破,35.2,40.4,2026-06-10,2026-06-15,35.2,34.2,1.48,4.25,9.66,12.36,11.93,16.62,6.82
2026-07-22,2890,永豐金,主結構關鍵K突破,35.65,40.4,2026-06-16,2026-06-16,35.65,35.2,1.48,4.25,8.27,10.94,10.52,15.15,5.47
2026-08-31,2890,永豐金,主結構關鍵K突破,40.6,41.1,2026-07-22,2026-07-22,40.6,39.7,2.67,4.14,4.93,10.34,10.34,11.08,0.37
2026-08-31,2890,永豐金,主結構關鍵K突破,40.95,41.1,2026-08-14,2026-08-14,40.95,39.6,2.67,4.14,4.03,9.4,9.4,10.13,-0.49
2026-09-02,2890,永豐金,主結構關鍵K突破,42.0,42.15,2026-09-01,2026-09-01,42.0,40.75,1.3,6.52,2.86,6.67,6.67,7.38,0.36
2026-09-11,2890,永豐金,主結構關鍵K突破,43.5,43.7,2026-09-07,2026-09-08,43.5,42.15,1.25,7.87,2.99,2.99,2.99,3.68,-0.23
2026-09-02,2897,王道銀行,主結構關鍵K突破,10.65,10.7,2026-08-28,2026-09-01,10.65,10.35,2.49,4.54,1.88,5.63,5.63,6.57,0.47
2026-09-14,2897,王道銀行,主結構關鍵K突破,11.0,11.25,2026-09-03,2026-09-03,11.0,10.7,2.44,7.91,,,,,
2026-09-14,2897,王道銀行,主結構關鍵K突破,11.0,11.25,2026-09-09,2026-09-11,11.0,10.75,2.44,7.91,,,,,
2026-07-16,2912,統一超,主結構關鍵K突破,240.0,245.5,2026-06-03,2026-06-03,240.0,226.0,1.43,6.07,-1.25,-4.17,-9.58,2.71,-10.0
2026-07-16,2912,統一超,主結構關鍵K突破,241.0,245.5,2026-07-06,2026-07-06,241.0,231.5,1.43,6.07,-1.66,-4.56,-9.96,2.28,-10.37
2026-06-09,3003,健和興,主結構關鍵K突破,59.3,64.2,2026-05-07,2026-05-11,59.3,56.0,1.27,7.83,13.66,18.38,12.31,20.24,6.24
2026-06-09,3003,健和興,主結構關鍵K突破,62.5,64.2,2026-05-13,2026-05-14,62.5,58.3,1.27,7.83,7.84,12.32,6.56,14.08,0.8
2026-06-09,3003,健和興,主結構關鍵K突破,60.8,64.2,2026-05-19,2026-05-21,60.8,59.3,1.27,7.83,10.86,15.46,9.54,17.27,3.62
2026-06-03,3004,豐達科,主結構關鍵K突破,123.0,126.0,2026-05-15,2026-05-15,123.0,117.5,1.57,3.77,6.91,8.94,10.98,15.85,-0.81
2026-06-02,3005,神基,主結構關鍵K突破,108.0,108.5,2026-05-29,2026-06-01,108.0,104.5,1.76,8.0,-2.31,-6.02,-1.39,4.17,-11.3
2026-06-23,3006,晶豪科,主結構關鍵K突破,222.0,245.0,2026-05-07,2026-05-11,222.0,211.5,1.53,5.24,1.8,-1.35,-2.03,18.92,-17.79
2026-06-23,3006,晶豪科,主結構關鍵K突破,238.0,245.0,2026-05-13,2026-05-14,238.0,229.5,1.53,5.24,-5.04,-7.98,-8.61,10.92,-23.32
2026-06-12,3014,聯陽,主結構關鍵K突破,128.5,153.0,2026-04-30,2026-05-04,128.5,125.5,1.66,7.41,24.9,22.57,5.45,33.07,0.78
2026-06-12,3014,聯陽,主結構關鍵K突破,140.5,153.0,2026-05-07,2026-05-08,140.5,131.5,1.66,7.41,14.23,12.1,-3.56,21.71,-7.83
2026-06-12,3014,聯陽,主結構關鍵K突破,147.0,153.0,2026-05-19,2026-05-21,147.0,138.5,1.66,7.41,9.18,7.14,-7.82,16.33,-11.9
2026-07-01,3014,聯陽,主結構關鍵K突破,153.5,163.5,2026-05-25,2026-05-27,153.5,149.0,1.23,7.68,0.0,-14.33,-22.15,5.54,-23.13
2026-06-15,3016,嘉晶,主結構關鍵K突破,115.5,125.0,2026-05-19,2026-05-21,115.5,112.0,1.27,6.66,32.03,15.58,6.49,32.47,-0.43
2026-06-01,3022,威強電,主結構關鍵K突破,75.7,75.9,2026-04-30,2026-05-05,75.7,70.8,1.23,6.97,4.36,12.68,10.7,17.57,-0.92
2026-05-26,3022,威強電,主結構關鍵K突破,74.3,75.0,2026-05-25,2026-05-25,74.3,72.4,1.28,6.97,4.58,16.96,11.44,19.78,-2.02
2026-07-22,3022,威強電,主結構關鍵K突破,80.0,90.9,2026-06-04,2026-06-08,80.0,75.0,2.13,6.72,10.0,22.0,14.88,45.63,2.5
2026-07-22,3022,威強電,主結構關鍵K突破,88.1,90.9,2026-06-29,2026-07-02,88.1,83.5,2.13,6.72,-0.11,10.78,4.31,32.24,-6.92
2026-05-19,3023,信邦,主結構關鍵K突破,306.0,307.5,2026-04-30,2026-05-06,306.0,295.0,1.5,7.75,3.27,2.29,2.29,11.11,-2.94
2026-06-09,3023,信邦,主結構關鍵K突破,316.0,329.0,2026-05-07,2026-05-07,316.0,306.0,1.25,7.89,-0.95,1.11,1.11,11.87,-6.01
2026-07-03,3023,信邦,主結構關鍵K突破,332.0,336.5,2026-06-05,2026-06-05,332.0,309.0,1.68,5.54,-2.41,-9.34,-9.79,5.12,-18.98
2026-06-30,3023,信邦,主結構關鍵K突破,327.5,328.5,2026-06-17,2026-06-18,327.5,310.5,1.92,3.84,-0.76,-1.83,-15.11,6.87,-17.86
2026-08-06,3029,零壹,主結構關鍵K突破,107.0,110.0,2026-07-20,2026-07-21,107.0,104.0,2.29,6.9,4.21,4.21,1.87,7.48,-1.4
2026-06-17,3034,聯詠,主結構關鍵K突破,441.5,515.0,2026-04-30,2026-05-06,441.5,425.0,1.22,5.88,27.07,22.54,4.3,37.26,2.15
2026-06-17,3034,聯詠,主結構關鍵K突破,453.0,515.0,2026-05-07,2026-05-07,453.0,440.0,1.22,5.88,23.84,19.43,1.66,33.77,-0.44
2026-06-17,3034,聯詠,主結構關鍵K突破,487.5,515.0,2026-05-19,2026-05-21,487.5,475.0,1.22,5.88,15.08,10.97,-5.54,24.31,-7.49
2026-06-17,3034,聯詠,主結構關鍵K突破,497.0,515.0,2026-05-29,2026-06-01,497.0,480.0,1.22,5.88,12.88,8.85,-7.34,21.93,-9.26
2026-06-22,3037,欣興,主結構關鍵K突破,905.0,1005.0,2026-05-19,2026-05-21,905.0,868.0,1.2,6.73,7.85,1.33,-8.84,23.2,-17.46
2026-07-01,3037,欣興,主結構關鍵K突破,1030.0,1040.0,2026-05-25,2026-05-25,1030.0,978.0,1.23,6.59,-16.21,-14.37,-30.49,-1.46,-36.6
2026-07-06,3042,晶技,主結構關鍵K突破,193.5,224.5,2026-05-25,2026-05-25,193.5,193.5,1.35,6.22,-4.39,-13.18,-12.4,20.93,-30.75
2026-07-02,3045,台灣大,主結構關鍵K突破,116.5,118.5,2026-06-03,2026-06-03,116.5,114.5,1.36,1.85,-6.87,-4.72,-3.43,3.0,-9.01
2026-07-02,3045,台灣大,主結構關鍵K突破,118.0,118.5,2026-06-09,2026-06-10,118.0,116.0,1.36,1.85,-8.05,-5.93,-4.66,1.69,-10.17
2026-07-08,3047,訊舟,主結構關鍵K突破,16.9,16.95,2026-06-12,2026-06-17,16.9,15.4,1.49,6.84,-7.99,-11.54,-14.2,1.18,-22.19
2026-06-16,3083,網龍,主結構關鍵K突破,28.75,29.4,2026-06-01,2026-06-01,28.75,27.5,2.85,5.9,-0.87,-2.61,-7.13,4.52,-10.96
2026-06-10,3088,艾訊,主結構關鍵K突破,109.5,139.5,2026-04-30,2026-04-30,109.5,104.5,1.56,5.98,28.77,30.14,31.51,37.44,21.92
2026-06-10,3088,艾訊,主結構關鍵K突破,126.0,139.5,2026-05-07,2026-05-07,126.0,120.5,1.56,5.98,11.9,13.1,14.29,19.44,5.95
2026-06-10,3088,艾訊,主結構關鍵K突破,133.5,139.5,2026-05-13,2026-05-13,133.5,127.5,1.56,5.98,5.62,6.74,7.87,12.73,0.0
2026-06-12,3088,艾訊,主結構關鍵K突破,140.5,141.0,2026-05-19,2026-05-21,140.5,134.5,1.9,5.08,2.49,-2.14,-4.98,6.05,-8.9
2026-07-08,3088,艾訊,主結構關鍵K突破,144.0,147.5,2026-06-10,2026-06-10,144.0,139.0,1.68,4.78,-4.17,6.94,-6.94,10.42,-20.83
2026-07-08,3088,艾訊,主結構關鍵K突破,146.5,147.5,2026-06-16,2026-06-18,146.5,140.5,1.68,4.78,-5.8,5.12,-8.53,8.53,-22.18
2026-06-15,3094,聯傑,主結構關鍵K突破,28.3,35.35,2026-04-30,2026-05-04,28.3,26.55,1.75,7.99,45.41,39.4,42.93,63.07,23.67
2026-06-15,3094,聯傑,主結構關鍵K突破,33.35,35.35,2026-05-07,2026-05-07,33.35,32.0,1.75,7.99,23.39,18.29,21.29,38.38,4.95
2026-06-15,3094,聯傑,主結構關鍵K突破,33.65,35.35,2026-05-13,2026-05-14,33.65,30.05,1.75,7.99,22.29,17.24,20.21,37.15,4.01
2026-06-30,3141,晶宏,主結構關鍵K突破,71.3,78.1,2026-05-19,2026-05-21,71.3,65.7,1.74,4.98,5.33,-1.96,-15.85,19.35,-19.78
2026-06-30,3141,晶宏,主結構關鍵K突破,76.4,78.1,2026-06-16,2026-06-18,76.4,72.4,1.74,4.98,-1.7,-8.51,-21.47,11.39,-25.13
2026-07-14,3167,大量,主結構關鍵K突破,845.0,870.0,2026-05-29,2026-06-02,845.0,784.0,2.61,4.1,-13.73,-36.57,-24.85,9.82,-48.58
2026-07-22,3189,景碩,主結構關鍵K突破,706.0,796.0,2026-06-16,2026-06-17,706.0,640.0,1.42,5.61,-18.41,17.28,20.25,32.72,-23.37
2026-05-07,3211,順達,主結構關鍵K突破,376.0,384.0,2026-04-30,2026-05-06,376.0,355.5,1.28,5.5,-0.13,-6.12,20.74,30.98,-8.78
2026-07-02,3227,原相,主結構關鍵K突破,234.0,235.0,2026-05-19,2026-05-22,234.0,227.5,1.73,4.09,-5.34,-23.93,-17.95,6.84,-25.43
2026-09-08,3229,晟鈦,主結構關鍵K突破,49.8,55.2,2026-08-04,2026-08-04,49.8,45.1,1.38,7.64,34.34,34.34,34.34,46.39,11.45
2026-09-08,3229,晟鈦,主結構關鍵K突破,50.9,55.2,2026-08-10,2026-08-10,50.9,46.0,1.38,7.64,31.43,31.43,31.43,43.22,9.04
2026-05-22,3231,緯創,主結構關鍵K突破,142.5,144.5,2026-04-30,2026-05-05,142.5,139.0,1.58,3.68,11.23,20.0,14.04,41.05,0.35
2026-09-07,3231,緯創,主結構關鍵K突破,188.0,197.0,2026-07-30,2026-08-03,188.0,169.5,1.32,7.09,-3.72,-3.72,-3.72,2.13,-4.52
2026-05-22,3265,台星科,主結構關鍵K突破,184.5,186.0,2026-04-30,2026-05-04,184.5,171.5,1.33,6.0,3.25,-2.44,4.88,10.84,-12.2
2026-06-02,3293,鈊象,主結構關鍵K突破,770.0,799.0,2026-05-29,2026-06-01,770.0,753.0,2.74,7.21,3.9,0.26,6.36,8.18,-3.9
2026-07-01,3293,鈊象,主結構關鍵K突破,797.0,819.0,2026-06-18,2026-06-18,797.0,774.0,1.88,6.54,-6.15,-11.67,-6.02,2.76,-14.43
2026-08-07,3293,鈊象,主結構關鍵K突破,785.0,799.0,2026-08-03,2026-08-06,785.0,770.0,1.68,6.63,-4.46,-6.75,-9.68,2.68,-11.34
2026-07-09,3303,岱稜,主結構關鍵K突破,52.0,59.2,2026-06-05,2026-06-05,52.0,49.6,1.57,6.04,3.46,-1.54,5.38,20.58,-7.12
2026-07-09,3303,岱稜,主結構關鍵K突破,53.6,59.2,2026-06-11,2026-06-11,53.6,50.1,1.57,6.04,0.37,-4.48,2.24,16.98,-9.89
2026-05-25,3363,上詮,主結構關鍵K突破,844.0,846.0,2026-04-30,2026-05-04,844.0,791.0,1.74,1.08,-4.15,-1.78,-18.84,9.36,-20.26
2026-06-15,3390,旭軟,主結構關鍵K突破,28.05,29.9,2026-04-30,2026-05-06,28.05,25.3,1.73,7.79,6.77,-0.89,-6.95,13.73,-14.26
2026-06-15,3390,旭軟,主結構關鍵K突破,29.0,29.9,2026-05-07,2026-05-07,29.0,27.4,1.73,7.79,3.28,-4.14,-10.0,10.0,-17.07
2026-06-12,3402,漢科,主結構關鍵K突破,139.0,145.0,2026-04-30,2026-05-04,139.0,130.0,1.27,2.92,2.16,2.88,4.68,16.55,-1.08
2026-06-12,3402,漢科,主結構關鍵K突破,143.5,145.0,2026-05-25,2026-05-25,143.5,140.0,1.27,2.92,-1.05,-0.35,1.39,12.89,-4.18
2026-07-01,3413,京鼎,主結構關鍵K突破,328.0,332.0,2026-05-18,2026-05-21,328.0,318.5,1.89,4.51,3.35,16.46,-13.87,16.92,-14.79
2026-06-17,3443,創意,主結構關鍵K突破,5065.0,5075.0,2026-05-19,2026-05-21,5065.0,4770.0,1.21,5.24,-4.24,5.23,-24.28,5.53,-25.37
2026-07-09,3479,安勤,主結構關鍵K突破,135.0,146.0,2026-06-10,2026-06-10,135.0,122.5,1.95,7.96,1.85,15.93,2.59,20.0,-6.3
2026-07-09,3479,安勤,主結構關鍵K突破,140.0,146.0,2026-06-16,2026-06-18,140.0,132.5,1.95,7.96,-1.79,11.79,-1.07,15.71,-9.64
2026-07-21,3479,安勤,主結構關鍵K突破,146.5,148.5,2026-06-23,2026-06-25,146.5,136.0,1.28,7.88,-5.8,-8.87,-12.97,10.58,-13.31
2026-07-21,3479,安勤,主結構關鍵K突破,146.5,148.5,2026-06-29,2026-07-02,146.5,137.5,1.28,7.88,-5.8,-8.87,-12.97,10.58,-13.31
2026-06-16,3484,崧騰,主結構關鍵K突破,46.65,47.55,2026-06-11,2026-06-11,46.65,44.05,2.79,7.16,11.04,9.32,9.54,20.26,1.39
2026-08-11,3490,單井,主結構關鍵K突破,31.75,32.0,2026-08-10,2026-08-10,31.75,30.55,2.35,7.56,40.16,71.97,36.85,82.05,0.94
2026-08-11,3515,華擎,主結構關鍵K突破,215.5,216.0,2026-08-10,2026-08-10,215.5,204.5,2.78,3.93,0.46,2.55,2.78,10.21,-1.16
2026-09-02,3515,華擎,主結構關鍵K突破,226.0,228.5,2026-08-26,2026-08-31,226.0,216.5,1.37,6.89,-0.22,-10.18,-10.18,3.98,-10.62
2026-05-28,3551,世禾,主結構關鍵K突破,208.5,217.5,2026-04-30,2026-05-05,208.5,194.0,2.79,5.92,-1.2,-10.55,-8.87,12.47,-14.15
2026-05-28,3551,世禾,主結構關鍵K突破,215.5,217.5,2026-05-07,2026-05-07,215.5,209.0,2.79,5.92,-4.41,-13.46,-11.83,8.82,-16.94
2026-07-09,3556,禾瑞亞,主結構關鍵K突破,61.7,75.9,2026-05-28,2026-05-28,61.7,56.8,2.33,5.29,3.4,0.49,3.4,24.96,-14.91
2026-07-09,3556,禾瑞亞,主結構關鍵K突破,72.2,75.9,2026-06-15,2026-06-15,72.2,69.5,2.33,5.29,-11.63,-14.13,-11.63,6.79,-27.29
2026-07-09,3556,禾瑞亞,主結構關鍵K突破,75.3,75.9,2026-06-26,2026-07-01,75.3,72.1,2.33,5.29,-15.27,-17.66,-15.27,2.39,-30.28
2026-06-18,3583,辛耘,主結構關鍵K突破,866.0,889.0,2026-05-07,2026-05-11,866.0,800.0,1.3,3.22,-6.24,-1.73,-15.94,9.24,-19.17
2026-05-27,3588,通嘉,主結構關鍵K突破,64.0,64.5,2026-05-19,2026-05-22,64.0,62.0,1.54,5.12,-2.5,-16.72,12.5,25.0,-18.59
2026-06-18,3592,瑞鼎,主結構關鍵K突破,262.0,275.0,2026-05-07,2026-05-08,262.0,247.0,1.24,2.47,0.57,3.05,-13.55,11.45,-14.5
2026-06-18,3592,瑞鼎,主結構關鍵K突破,268.0,275.0,2026-05-19,2026-05-21,268.0,258.5,1.24,2.47,-1.68,0.75,-15.49,8.96,-16.42
2026-06-17,3596,智易,主結構關鍵K突破,189.0,193.5,2026-05-22,2026-05-22,189.0,184.0,1.89,4.56,3.17,1.32,-3.97,7.14,-5.03
2026-08-31,3685,元創精密,主結構關鍵K突破,37.9,38.05,2026-07-31,2026-08-03,37.9,36.0,1.88,2.77,-2.51,-1.72,-1.72,1.85,-5.01
2026-06-12,3703,欣陸,主結構關鍵K突破,22.0,22.05,2026-06-10,2026-06-10,22.0,21.2,1.42,6.67,-2.5,-2.5,-7.5,1.59,-8.41
2026-05-15,3704,合勤控,主結構關鍵K突破,37.45,38.2,2026-05-11,2026-05-12,37.45,35.8,2.5,7.56,17.49,23.77,21.23,33.51,0.13
2026-07-14,3704,合勤控,主結構關鍵K突破,48.3,48.65,2026-06-02,2026-06-02,48.3,46.6,2.33,3.7,-1.97,-9.73,-6.0,4.35,-18.74
2026-05-05,3706,神達,主結構關鍵K突破,83.0,84.1,2026-04-30,2026-05-04,83.0,81.5,1.49,4.24,3.49,-2.77,14.7,17.23,-6.27
2026-07-02,3707,漢磊,主結構關鍵K突破,80.0,87.7,2026-05-19,2026-05-21,80.0,75.6,1.57,6.0,-0.62,-14.12,-34.38,17.0,-39.56
2026-07-01,4105,東洋,主結構關鍵K突破,76.3,77.6,2026-06-04,2026-06-05,76.3,75.0,2.43,4.44,1.18,3.15,-1.18,4.19,-1.7
2026-06-30,4105,東洋,主結構關鍵K突破,75.4,75.7,2026-06-26,2026-06-29,75.4,74.6,1.23,2.04,3.32,3.98,0.4,5.44,-0.53
2026-07-03,4114,健喬,主結構關鍵K突破,31.25,31.8,2026-06-17,2026-06-18,31.25,30.8,2.68,3.7,6.56,-6.24,-7.52,8.8,-8.0
2026-07-06,4114,健喬,主結構關鍵K突破,32.0,32.65,2026-07-01,2026-07-03,32.0,31.35,2.38,6.25,4.22,-7.19,-9.22,6.25,-10.16
2026-06-04,4167,松瑞藥,主結構關鍵K突破,20.15,20.55,2026-06-01,2026-06-01,20.15,19.6,2.22,7.02,-2.48,-0.99,3.97,4.22,-5.96
2026-07-06,4167,松瑞藥,主結構關鍵K突破,21.0,21.2,2026-07-01,2026-07-03,21.0,20.15,1.86,6.54,-1.9,-0.48,-14.52,6.19,-21.43
2026-07-16,4167,松瑞藥,主結構關鍵K突破,21.35,21.55,2026-07-14,2026-07-15,21.35,20.6,1.51,6.33,-3.51,-21.78,-14.05,0.7,-22.72
2026-06-01,4306,炎洲,主結構關鍵K突破,14.1,14.25,2026-05-20,2026-05-22,14.1,13.8,1.78,5.62,6.03,14.54,12.77,17.02,0.71
2026-06-01,4306,炎洲,主結構關鍵K突破,14.1,14.25,2026-05-26,2026-05-29,14.1,13.8,1.78,5.62,6.03,14.54,12.77,17.02,0.71
2026-06-03,4532,瑞智,主結構關鍵K突破,24.3,24.85,2026-05-27,2026-06-01,24.3,23.8,1.71,6.19,-0.82,-0.62,16.46,20.16,-3.5
2026-05-25,4533,協易機,主結構關鍵K突破,33.7,33.75,2026-05-19,2026-05-22,33.7,32.4,2.12,7.29,-2.97,-13.5,-12.91,4.6,-16.91
2026-06-15,4541,晟田,主結構關鍵K突破,48.45,49.0,2026-04-30,2026-05-04,48.45,46.55,1.62,6.48,0.1,7.12,50.46,55.62,-3.51
2026-06-15,4541,晟田,主結構關鍵K突破,48.1,49.0,2026-06-11,2026-06-12,48.1,47.05,1.62,6.48,0.83,7.9,51.56,56.76,-2.81
2026-05-29,4543,萬在,主結構關鍵K突破,40.5,41.5,2026-05-19,2026-05-19,40.5,38.3,1.8,7.16,3.33,-8.4,-14.81,18.4,-16.54
2026-06-12,4551,智伸科,主結構關鍵K突破,142.5,152.0,2026-05-05,2026-05-05,142.5,135.5,1.45,2.89,58.6,57.54,45.96,104.56,13.33
2026-06-12,4551,智伸科,主結構關鍵K突破,148.5,152.0,2026-05-11,2026-05-11,148.5,143.0,1.45,2.89,52.19,51.18,40.07,96.3,8.75
2026-07-23,4566,時碩工業,主結構關鍵K突破,68.6,69.4,2026-07-15,2026-07-15,68.6,66.0,1.76,7.72,-8.45,1.17,-0.44,16.62,-8.45
2026-06-17,4721,美琪瑪,主結構關鍵K突破,96.5,98.1,2026-05-07,2026-05-08,96.5,92.0,1.37,6.98,-3.63,-6.74,-25.49,5.7,-25.6
2026-06-17,4722,國精化,主結構關鍵K突破,206.0,264.0,2026-04-30,2026-05-06,206.0,179.0,1.63,3.17,38.83,34.47,10.68,51.94,10.68
2026-06-17,4722,國精化,主結構關鍵K突破,220.0,264.0,2026-05-07,2026-05-07,220.0,199.0,1.63,3.17,30.0,25.91,3.64,42.27,3.64
2026-06-04,4741,泓瀚,主結構關鍵K突破,57.5,63.8,2026-04-30,2026-05-05,57.5,53.3,1.72,7.53,40.87,12.35,2.61,50.61,-5.39
2026-06-09,4763,材料*-KY,主結構關鍵K突破,45.0,45.35,2026-06-03,2026-06-03,45.0,42.7,1.9,6.91,-0.44,0.0,8.67,17.11,-5.56
2026-07-22,4763,材料*-KY,主結構關鍵K突破,47.8,50.3,2026-06-17,2026-06-23,47.8,45.8,1.64,7.52,-1.67,1.36,6.07,15.06,-3.97
2026-07-22,4763,材料*-KY,主結構關鍵K突破,47.85,50.3,2026-06-24,2026-06-29,47.85,44.4,1.64,7.52,-1.78,1.25,5.96,14.94,-4.08
2026-07-22,4763,材料*-KY,主結構關鍵K突破,49.6,50.3,2026-06-30,2026-07-02,49.6,47.35,1.64,7.52,-5.24,-2.32,2.22,10.89,-7.46
2026-06-02,4904,遠傳,主結構關鍵K突破,98.5,99.5,2026-05-13,2026-05-14,98.5,96.0,1.84,3.83,7.11,14.21,5.08,15.23,0.1
2026-06-01,4915,致伸,主結構關鍵K突破,75.0,76.0,2026-05-04,2026-05-06,75.0,73.8,2.36,4.39,-0.27,3.33,-12.0,5.07,-14.67
2026-06-03,4915,致伸,主結構關鍵K突破,77.0,78.0,2026-06-02,2026-06-02,77.0,75.3,1.28,6.8,-2.08,-1.3,-13.12,2.34,-16.88
2026-05-15,4916,事欣科,主結構關鍵K突破,65.1,67.7,2026-04-30,2026-05-05,65.1,62.4,1.75,7.87,51.0,72.81,65.13,95.85,12.9
2026-07-13,4916,事欣科,主結構關鍵K突破,112.5,118.0,2026-05-29,2026-05-29,112.5,104.0,2.11,7.86,-13.16,-9.33,-7.56,4.0,-22.31
2026-07-13,4916,事欣科,主結構關鍵K突破,110.0,118.0,2026-06-16,2026-06-22,110.0,104.5,2.11,7.86,-11.18,-7.27,-5.45,6.36,-20.55
2026-06-30,4934,太極,主結構關鍵K突破,18.0,18.4,2026-05-25,2026-05-25,18.0,17.0,1.91,7.37,-6.39,-6.67,-24.44,6.11,-26.94
2026-08-12,4938,和碩,主結構關鍵K突破,89.4,91.4,2026-08-04,2026-08-04,89.4,85.2,1.22,7.73,0.0,-0.11,1.9,12.42,-2.35
2026-09-04,4938,和碩,主結構關鍵K突破,91.5,95.4,2026-08-10,2026-08-12,91.5,88.9,1.35,7.17,-0.55,-1.42,-1.42,4.48,-2.19
2026-09-04,4938,和碩,主結構關鍵K突破,91.9,95.4,2026-08-26,2026-08-31,91.9,87.7,1.35,7.17,-0.98,-1.85,-1.85,4.03,-2.61
2026-08-24,4939,亞電,主結構關鍵K突破,64.9,65.2,2026-08-10,2026-08-13,64.9,61.1,1.89,7.08,37.44,44.22,24.19,46.69,-2.16
2026-06-12,4952,凌通,主結構關鍵K突破,49.75,53.8,2026-05-07,2026-05-07,49.75,47.3,2.91,5.99,21.61,13.97,8.74,24.02,2.91
2026-06-12,4952,凌通,主結構關鍵K突破,53.5,53.8,2026-05-19,2026-05-21,53.5,49.95,2.91,5.99,13.08,5.98,1.12,15.33,-4.3
2026-06-30,4952,凌通,主結構關鍵K突破,56.4,57.5,2026-05-25,2026-05-25,56.4,53.1,2.55,7.14,-0.71,-3.01,-24.02,9.4,-26.6
2026-09-02,4961,天鈺,主結構關鍵K突破,168.5,169.5,2026-08-27,2026-09-01,168.5,160.0,1.85,4.25,5.04,5.64,5.64,6.23,-2.67
2026-09-09,4961,天鈺,主結構關鍵K突破,170.0,177.0,2026-09-02,2026-09-02,170.0,168.0,2.19,7.34,4.71,4.71,4.71,4.71,-1.18
2026-06-03,4967,十銓,主結構關鍵K突破,290.0,299.0,2026-06-01,2026-06-01,290.0,278.0,1.52,6.92,-7.24,-5.17,-11.72,7.59,-17.07
2026-09-08,4967,十銓,主結構關鍵K突破,271.0,280.5,2026-08-05,2026-08-05,271.0,262.5,1.48,5.15,0.92,0.92,0.92,5.9,-0.18
2026-09-08,4967,十銓,主結構關鍵K突破,277.0,280.5,2026-08-21,2026-08-21,277.0,264.0,1.48,5.15,-1.26,-1.26,-1.26,3.61,-2.35
2026-06-03,5009,榮剛,主結構關鍵K突破,35.3,38.0,2026-05-06,2026-05-06,35.3,34.2,1.55,7.79,0.42,-0.85,-7.22,7.79,-11.76
2026-06-03,5009,榮剛,主結構關鍵K突破,37.2,38.0,2026-05-22,2026-05-25,37.2,35.8,1.55,7.79,-4.7,-5.91,-11.96,2.28,-16.26
2026-07-01,5228,鈺鎧,主結構關鍵K突破,52.5,70.5,2026-05-19,2026-05-21,52.5,50.5,1.95,7.81,4.76,-7.9,-35.14,36.0,-35.9
2026-07-01,5228,鈺鎧,主結構關鍵K突破,56.0,70.5,2026-05-25,2026-05-25,56.0,53.5,1.95,7.81,-1.79,-13.66,-39.2,27.5,-39.91
2026-07-01,5228,鈺鎧,主結構關鍵K突破,65.0,70.5,2026-05-29,2026-05-29,65.0,61.8,1.95,7.81,-15.38,-25.62,-47.62,9.85,-48.23
2026-09-14,5285,界霖,主結構關鍵K突破,84.7,87.5,2026-08-27,2026-08-27,84.7,80.8,1.31,7.93,,,,,
2026-06-16,5351,鈺創,主結構關鍵K突破,81.5,90.6,2026-05-06,2026-05-06,81.5,78.3,1.33,7.53,12.76,0.49,19.88,29.45,-4.79
2026-06-16,5351,鈺創,主結構關鍵K突破,86.9,90.6,2026-05-12,2026-05-12,86.9,78.8,1.33,7.53,5.75,-5.75,12.43,21.4,-10.7
2026-06-25,5392,能率,主結構關鍵K突破,44.2,45.75,2026-05-19,2026-05-22,44.2,41.65,2.13,4.81,9.73,4.86,-6.11,14.25,-8.37
2026-06-12,5434,崇越,主結構關鍵K突破,426.0,466.0,2026-04-30,2026-05-06,426.0,415.5,1.26,6.26,18.78,26.53,29.11,37.79,8.57
2026-06-12,5471,松翰,主結構關鍵K突破,44.7,54.2,2026-04-30,2026-05-04,44.7,42.1,1.81,7.2,42.28,31.1,39.82,54.59,21.92
2026-06-12,5471,松翰,主結構關鍵K突破,49.85,54.2,2026-05-07,2026-05-11,49.85,45.5,1.81,7.2,27.58,17.55,25.38,38.62,9.33
2026-06-12,5471,松翰,主結構關鍵K突破,53.2,54.2,2026-05-19,2026-05-21,53.2,51.6,1.81,7.2,19.55,10.15,17.48,29.89,2.44
2026-05-07,5490,同亨,主結構關鍵K突破,28.35,28.5,2026-05-05,2026-05-06,28.35,27.65,2.05,5.11,-0.88,1.23,4.59,10.76,-1.76
2026-06-03,5490,同亨,主結構關鍵K突破,29.75,30.45,2026-05-21,2026-05-22,29.75,28.9,2.04,7.84,-3.87,-1.51,-6.89,2.35,-8.4
2026-06-11,5515,建國,主結構關鍵K突破,43.4,43.5,2026-06-10,2026-06-10,43.4,41.8,1.67,7.55,-3.23,-6.8,-3.8,3.34,-11.87
2026-07-21,5515,建國,主結構關鍵K突破,42.85,44.25,2026-07-17,2026-07-20,42.85,41.4,1.88,6.04,-0.93,-1.4,26.49,27.19,-3.85
2026-08-17,5521,工信,主結構關鍵K突破,10.85,10.95,2026-08-12,2026-08-13,10.85,10.5,1.99,6.7,1.84,-1.84,-4.61,3.69,-5.53
2026-06-01,5522,遠雄,主結構關鍵K突破,72.7,74.2,2026-05-28,2026-05-28,72.7,70.8,1.51,5.56,2.06,6.88,-11.14,15.41,-12.79
2026-06-01,5530,龍巖,主結構關鍵K突破,48.85,49.0,2026-05-20,2026-05-25,48.85,46.9,1.77,6.33,1.54,2.76,-1.13,19.34,-4.2
2026-08-20,5534,長虹,主結構關鍵K突破,80.2,80.9,2026-07-15,2026-07-15,80.2,79.1,1.8,2.27,-5.61,-4.49,-8.23,0.87,-8.6
2026-06-01,5607,遠雄港,主結構關鍵K突破,48.4,51.8,2026-05-07,2026-05-07,48.4,47.65,2.23,6.24,8.26,7.85,5.37,13.02,3.1
2026-06-01,5607,遠雄港,主結構關鍵K突破,51.7,51.8,2026-05-25,2026-05-25,51.7,50.3,2.23,6.24,1.35,0.97,-1.35,5.8,-3.48
2026-06-10,5607,遠雄港,主結構關鍵K突破,52.3,53.5,2026-05-29,2026-06-01,52.3,50.3,1.98,7.3,-0.96,-2.68,-1.72,4.21,-4.68
2026-06-10,5607,遠雄港,主結構關鍵K突破,53.4,53.5,2026-06-04,2026-06-04,53.4,51.9,1.98,7.3,-3.0,-4.68,-3.75,2.06,-6.65
2026-08-17,5607,遠雄港,主結構關鍵K突破,52.3,53.1,2026-08-13,2026-08-13,52.3,51.0,2.58,6.29,6.12,-1.34,-0.38,11.66,-2.1
2026-06-09,5876,上海商銀,主結構關鍵K突破,41.0,42.65,2026-06-02,2026-06-02,41.0,39.75,2.25,7.1,3.9,1.34,3.78,6.1,0.49
2026-07-13,5876,上海商銀,主結構關鍵K突破,42.8,44.15,2026-06-08,2026-06-09,42.8,40.4,2.01,5.32,6.43,9.81,1.29,10.05,0.23
2026-07-13,5876,上海商銀,主結構關鍵K突破,43.5,44.15,2026-06-12,2026-06-15,43.5,42.6,2.01,5.32,4.71,8.05,-0.34,8.28,-1.38
2026-07-13,5876,上海商銀,主結構關鍵K突破,42.4,44.15,2026-06-25,2026-06-26,42.4,41.4,2.01,5.32,7.43,10.85,2.24,11.08,1.18
2026-07-13,5876,上海商銀,主結構關鍵K突破,42.95,44.15,2026-07-07,2026-07-09,42.95,42.3,2.01,5.32,6.05,9.43,0.93,9.66,-0.12
2026-07-17,5876,上海商銀,主結構關鍵K突破,44.7,45.2,2026-07-14,2026-07-14,44.7,43.55,1.76,6.3,3.24,1.68,-5.26,5.37,-6.82
2026-09-03,5876,上海商銀,主結構關鍵K突破,45.7,45.95,2026-07-30,2026-07-31,45.7,44.8,1.73,4.63,4.81,9.19,9.19,9.3,-0.98
2026-09-07,5876,上海商銀,主結構關鍵K突破,46.0,46.95,2026-09-03,2026-09-03,46.0,45.1,1.23,6.9,8.48,8.48,8.48,8.59,0.98
2026-07-28,5904,寶雅*,主結構關鍵K突破,664.0,679.0,2026-06-12,2026-06-12,664.0,634.0,1.75,2.81,-87.68,-88.57,-89.37,11.45,-89.37
2026-07-28,5904,寶雅*,主結構關鍵K突破,644.0,679.0,2026-06-18,2026-06-22,644.0,625.0,1.75,2.81,-87.3,-88.21,-89.04,14.91,-89.04
2026-06-03,6024,群益期,主結構關鍵K突破,58.3,60.0,2026-05-05,2026-05-07,58.3,57.4,2.72,5.63,3.95,6.86,5.83,8.23,0.0
2026-06-03,6024,群益期,主結構關鍵K突破,57.7,60.0,2026-05-29,2026-05-29,57.7,56.7,2.72,5.63,5.03,7.97,6.93,9.36,1.04
2026-07-08,6024,群益期,主結構關鍵K突破,61.9,64.4,2026-06-29,2026-07-01,61.9,61.0,2.62,5.88,5.33,3.88,-4.2,5.65,-7.92
2026-07-08,6024,群益期,主結構關鍵K突破,62.8,64.4,2026-07-03,2026-07-06,62.8,62.1,2.62,5.88,3.82,2.39,-5.57,4.14,-9.24
2026-05-04,6026,福邦證,主結構關鍵K突破,15.4,15.7,2026-04-30,2026-04-30,15.4,15.1,2.3,5.88,7.79,-1.62,12.34,13.64,-3.25
2026-06-22,6104,創惟,主結構關鍵K突破,103.5,108.5,2026-05-22,2026-05-22,103.5,101.0,2.25,7.97,-1.93,1.93,-10.43,7.25,-17.97
2026-05-15,6111,光聚晶電,主結構關鍵K突破,46.9,48.75,2026-04-30,2026-05-05,46.9,45.9,2.13,5.15,1.49,-3.62,-4.26,4.9,-11.94
2026-05-15,6111,光聚晶電,主結構關鍵K突破,47.65,48.75,2026-05-07,2026-05-07,47.65,46.15,2.13,5.15,-0.1,-5.14,-5.77,3.25,-13.33
2026-06-11,6113,亞矽,主結構關鍵K突破,25.05,27.15,2026-05-07,2026-05-07,25.05,23.0,2.0,7.12,13.37,3.19,5.59,24.95,-0.6
2026-06-11,6113,亞矽,主結構關鍵K突破,24.95,27.15,2026-05-13,2026-05-18,24.95,23.25,2.0,7.12,13.83,3.61,6.01,25.45,-0.2
2026-05-29,6121,新普,主結構關鍵K突破,374.5,393.0,2026-05-07,2026-05-07,374.5,362.0,1.24,5.31,12.82,9.88,11.62,16.42,3.74
2026-05-29,6121,新普,主結構關鍵K突破,382.5,393.0,2026-05-19,2026-05-21,382.5,376.5,1.24,5.31,10.46,7.58,9.28,13.99,1.57
2026-05-29,6121,新普,主結構關鍵K突破,388.0,393.0,2026-05-25,2026-05-25,388.0,381.5,1.24,5.31,8.89,6.06,7.73,12.37,0.13
2026-06-03,6121,新普,主結構關鍵K突破,403.5,408.0,2026-05-29,2026-06-02,403.5,394.0,1.68,7.97,-0.12,0.99,3.47,8.05,-1.98
2026-06-12,6134,萬旭,主結構關鍵K突破,34.2,35.5,2026-05-06,2026-05-08,34.2,31.7,1.48,6.36,6.58,-1.9,-16.67,10.23,-19.59
2026-06-12,6134,萬旭,主結構關鍵K突破,33.5,35.5,2026-05-26,2026-05-27,33.5,31.9,1.48,6.36,8.81,0.15,-14.93,12.54,-17.91
2026-05-28,6143,振曜,主結構關鍵K突破,98.4,101.5,2026-05-19,2026-05-22,98.4,95.8,1.75,7.72,-1.83,-9.86,-8.03,4.67,-11.48
2026-05-28,6143,振曜,主結構關鍵K突破,99.8,101.5,2026-05-25,2026-05-25,99.8,97.5,1.75,7.72,-3.21,-11.12,-9.32,3.21,-12.73
2026-05-27,6146,耕興,主結構關鍵K突破,222.0,223.0,2026-05-13,2026-05-14,222.0,215.0,1.71,1.48,-0.9,-3.6,-11.94,5.86,-14.86
2026-05-18,6155,鈞寶,主結構關鍵K突破,50.9,52.0,2026-05-06,2026-05-07,50.9,47.75,1.21,7.81,20.24,35.56,77.21,77.21,-3.34
2026-07-16,6175,立敦,主結構關鍵K突破,103.5,110.0,2026-06-04,2026-06-08,103.5,87.0,1.7,3.91,-15.75,-35.75,-22.22,3.38,-36.52
2026-08-07,6177,達麗,主結構關鍵K突破,47.0,48.8,2026-07-15,2026-07-15,47.0,46.2,1.71,4.13,1.6,1.06,4.68,7.02,-2.13
2026-08-18,6177,達麗,主結構關鍵K突破,48.7,49.1,2026-08-12,2026-08-17,48.7,47.3,1.89,3.44,-1.33,-2.36,-3.8,3.29,-5.54
2026-09-04,6177,達麗,主結構關鍵K突破,49.1,49.2,2026-08-18,2026-08-18,49.1,48.0,1.42,2.84,-3.26,-4.58,-4.58,0.31,-5.3
2026-05-28,6187,萬潤,主結構關鍵K突破,1210.0,1240.0,2026-04-30,2026-04-30,1210.0,1110.0,1.38,5.07,-7.85,-14.88,-11.16,6.61,-17.52
2026-05-05,6189,豐藝,主結構關鍵K突破,49.3,49.35,2026-04-30,2026-05-04,49.3,47.55,1.44,5.37,-2.84,-1.52,3.65,6.9,-5.27
2026-06-12,6189,豐藝,主結構關鍵K突破,51.9,54.1,2026-05-18,2026-05-20,51.9,48.9,1.98,6.65,5.2,-5.11,-6.17,16.57,-7.51
2026-09-14,6199,天品,主結構關鍵K突破,98.8,100.5,2026-09-09,2026-09-11,98.8,89.8,2.41,4.51,,,,,
2026-05-04,6206,飛捷,主結構關鍵K突破,108.0,111.0,2026-04-30,2026-04-30,108.0,105.0,1.31,7.25,20.83,20.37,31.02,35.19,1.39
2026-05-21,6214,精誠,主結構關鍵K突破,125.0,127.5,2026-04-30,2026-05-05,125.0,121.0,1.31,4.0,3.2,20.0,13.6,29.6,1.6
2026-06-18,6224,聚鼎,主結構關鍵K突破,79.7,85.0,2026-05-19,2026-05-20,79.7,72.3,1.52,5.86,-6.15,8.41,-30.36,9.54,-32.25
2026-06-18,6257,矽格,主結構關鍵K突破,218.0,235.0,2026-05-07,2026-05-07,218.0,197.0,1.57,7.69,2.75,16.74,-3.21,28.21,-9.17
2026-06-02,6270,倍微,主結構關鍵K突破,28.75,29.05,2026-05-07,2026-05-07,28.75,27.0,2.13,6.51,37.04,19.48,36.87,61.91,-0.52
2026-06-02,6270,倍微,主結構關鍵K突破,29.0,29.05,2026-06-01,2026-06-01,29.0,27.55,2.13,6.51,35.86,18.45,35.69,60.52,-1.38
2026-05-28,6279,胡連,主結構關鍵K突破,120.5,122.5,2026-05-19,2026-05-21,120.5,118.5,2.35,7.82,-1.66,0.0,-3.32,4.56,-4.56
2026-05-21,6282,康舒,主結構關鍵K突破,51.5,53.6,2026-05-06,2026-05-07,51.5,49.55,1.31,7.52,12.04,37.48,12.82,37.48,5.63
2026-05-20,6411,晶焱,主結構關鍵K突破,84.7,86.0,2026-04-30,2026-05-05,84.7,77.8,1.95,7.59,19.24,18.65,14.76,38.72,3.31
2026-05-20,6411,晶焱,主結構關鍵K突破,84.5,86.0,2026-05-07,2026-05-12,84.5,81.4,1.95,7.59,19.53,18.93,15.03,39.05,3.55
2026-07-07,6414,樺漢,主結構關鍵K突破,368.0,400.0,2026-05-25,2026-05-25,368.0,355.0,2.19,6.42,7.2,33.15,27.45,41.85,-0.54
2026-07-07,6414,樺漢,主結構關鍵K突破,379.5,400.0,2026-05-29,2026-06-01,379.5,362.0,2.19,6.42,3.95,29.12,23.58,37.55,-3.56
2026-07-20,6414,樺漢,主結構關鍵K突破,404.5,405.0,2026-06-04,2026-06-09,404.5,374.0,2.06,5.9,15.95,8.16,3.21,29.05,-2.84
2026-07-07,6414,樺漢,主結構關鍵K突破,391.5,400.0,2026-07-06,2026-07-06,391.5,378.5,2.19,6.42,0.77,25.16,19.8,33.33,-6.51
2026-06-17,6415,矽力*-KY,主結構關鍵K突破,468.0,572.0,2026-05-07,2026-05-11,468.0,425.0,1.45,6.38,31.41,33.33,-7.05,48.29,-7.16
2026-06-17,6415,矽力*-KY,主結構關鍵K突破,514.0,572.0,2026-05-13,2026-05-14,514.0,490.0,1.45,6.38,19.65,21.4,-15.37,35.02,-15.47
2026-06-17,6415,矽力*-KY,主結構關鍵K突破,557.0,572.0,2026-05-19,2026-05-21,557.0,520.0,1.45,6.38,10.41,12.03,-21.9,24.6,-21.99
2026-05-21,6425,易發,主結構關鍵K突破,89.4,90.2,2026-05-07,2026-05-11,89.4,81.3,1.27,7.49,6.26,-5.82,-10.96,21.92,-17.34
2026-06-23,6451,訊芯-KY,主結構關鍵K突破,525.0,596.0,2026-05-13,2026-05-14,525.0,471.5,1.35,5.07,8.19,-5.43,-15.43,29.14,-26.29
2026-06-23,6451,訊芯-KY,主結構關鍵K突破,533.0,596.0,2026-05-19,2026-05-22,533.0,502.0,1.35,5.07,6.57,-6.85,-16.7,27.2,-27.39
2026-06-23,6451,訊芯-KY,主結構關鍵K突破,576.0,596.0,2026-05-25,2026-05-25,576.0,544.0,1.35,5.07,-1.39,-13.8,-22.92,17.71,-32.81
2026-05-28,6494,九齊,主結構關鍵K突破,58.6,59.0,2026-05-07,2026-05-08,58.6,54.7,2.37,7.2,-1.54,-3.58,7.34,23.38,-13.14
2026-05-28,6494,九齊,主結構關鍵K突破,58.8,59.0,2026-05-22,2026-05-22,58.8,56.8,2.37,7.2,-1.87,-3.91,6.97,22.96,-13.44
2026-07-02,6509,聚和,主結構關鍵K突破,50.5,52.3,2026-05-18,2026-05-21,50.5,47.75,1.79,6.05,3.37,-4.65,-14.95,17.23,-19.8
2026-07-14,6517,保勝光學,主結構關鍵K突破,63.8,71.8,2026-06-03,2026-06-04,63.8,60.8,1.7,3.77,16.3,-5.02,-2.98,26.96,-8.78
2026-08-10,6589,台康生技,主結構關鍵K突破,48.8,50.7,2026-06-29,2026-06-29,48.8,46.3,2.22,6.77,-0.2,3.07,-2.66,8.61,-3.07
2026-07-29,6603,富強鑫,主結構關鍵K突破,25.9,26.2,2026-07-22,2026-07-27,25.9,24.5,2.03,6.65,3.28,6.95,-0.39,17.76,-5.02
2026-08-05,6603,富強鑫,主結構關鍵K突破,26.4,26.75,2026-07-29,2026-07-29,26.4,25.2,1.85,7.17,4.92,2.65,-3.03,15.53,-5.3
2026-06-15,6670,復盛應用,主結構關鍵K突破,278.5,286.0,2026-06-02,2026-06-02,278.5,269.5,1.92,6.91,3.05,-8.26,-5.75,9.34,-13.29
2026-05-28,6672,騰輝電子-KY,主結構關鍵K突破,214.0,215.0,2026-05-26,2026-05-26,214.0,205.5,1.5,7.5,3.74,-0.23,36.45,45.56,-7.71
2026-06-05,6693,廣閎科,主結構關鍵K突破,153.0,158.0,2026-04-30,2026-05-05,153.0,141.5,1.78,7.08,10.46,54.58,80.72,80.72,-6.21
2026-06-05,6693,廣閎科,主結構關鍵K突破,155.5,158.0,2026-06-02,2026-06-03,155.5,150.0,1.78,7.08,8.68,52.09,77.81,77.81,-7.72
2026-06-29,6743,安普新,主結構關鍵K突破,30.4,30.75,2026-05-29,2026-06-01,30.4,29.7,2.69,4.38,3.45,0.16,-1.97,8.55,-3.29
2026-06-11,6757,台灣虎航,主結構關鍵K突破,55.2,55.6,2026-05-06,2026-05-07,55.2,54.2,2.18,3.36,5.43,13.41,5.25,21.92,0.91
2026-06-11,6757,台灣虎航,主結構關鍵K突破,54.4,55.6,2026-05-18,2026-05-21,54.4,52.9,2.18,3.36,6.99,15.07,6.8,23.71,2.39
2026-06-15,6757,台灣虎航,主結構關鍵K突破,56.7,58.5,2026-05-28,2026-05-29,56.7,55.2,1.28,7.78,8.11,9.88,3.35,18.69,-1.76
2026-06-15,6757,台灣虎航,主結構關鍵K突破,57.2,58.5,2026-06-12,2026-06-12,57.2,55.8,1.28,7.78,7.17,8.92,2.45,17.66,-2.62
2026-07-06,6781,AES-KY,主結構關鍵K突破,1220.0,1250.0,2026-05-19,2026-05-22,1220.0,1135.0,2.06,6.75,-13.11,-20.57,-17.21,5.74,-31.31
2026-07-06,6781,AES-KY,主結構關鍵K突破,1235.0,1250.0,2026-07-02,2026-07-03,1235.0,1185.0,2.06,6.75,-14.17,-21.54,-18.22,4.45,-32.15
2026-06-23,6799,來頡,主結構關鍵K突破,94.8,105.0,2026-05-07,2026-05-12,94.8,90.8,1.21,7.59,4.22,7.59,-10.55,18.67,-17.72
2026-06-23,6799,來頡,主結構關鍵K突破,102.5,105.0,2026-05-19,2026-05-22,102.5,97.7,1.21,7.59,-3.61,-0.49,-17.27,9.76,-23.9
2026-05-08,6944,兆聯實業,主結構關鍵K突破,947.0,964.0,2026-04-30,2026-05-05,947.0,902.0,1.42,7.89,-5.28,-2.43,-0.84,3.38,-7.07
2026-06-17,6962,奕力-KY,主結構關鍵K突破,38.1,38.55,2026-05-07,2026-05-07,38.1,35.0,1.35,3.5,2.36,1.05,-14.83,8.66,-15.09
2026-06-22,6962,奕力-KY,主結構關鍵K突破,38.7,40.05,2026-05-19,2026-05-20,38.7,36.0,1.95,7.15,-3.36,1.42,-13.82,5.68,-18.35
2026-06-15,7721,微程式,主結構關鍵K突破,81.8,82.3,2026-06-05,2026-06-09,81.8,75.3,1.57,7.31,-10.76,-12.47,-16.87,3.3,-20.54
2026-06-11,7749,意騰-KY,主結構關鍵K突破,468.5,508.0,2026-04-30,2026-05-04,468.5,468.5,1.88,2.23,3.42,-10.99,-16.12,12.49,-16.76
2026-06-16,8049,晶采,主結構關鍵K突破,26.7,28.1,2026-05-19,2026-05-21,26.7,26.0,2.48,6.16,2.25,1.5,-1.12,7.68,-3.75
2026-06-16,8049,晶采,主結構關鍵K突破,27.4,28.1,2026-05-25,2026-05-25,27.4,26.95,2.48,6.16,-0.36,-1.09,-3.65,4.93,-6.2
2026-07-07,8050,廣積,主結構關鍵K突破,56.6,57.6,2026-05-25,2026-05-25,56.6,53.9,1.73,2.31,7.95,8.13,14.66,14.84,-7.24
2026-07-14,8050,廣積,主結構關鍵K突破,59.9,60.0,2026-07-08,2026-07-08,59.9,57.8,2.9,6.34,1.0,-2.34,2.84,15.86,-12.35
2026-05-27,8070,長華*,主結構關鍵K突破,48.3,50.3,2026-04-30,2026-04-30,48.3,46.7,2.9,6.99,24.22,19.25,16.98,36.65,3.31
2026-05-14,8076,伍豐,主結構關鍵K突破,25.0,25.05,2026-05-11,2026-05-11,25.0,24.0,2.63,7.36,-3.8,-5.6,7.6,19.6,-6.8
2026-06-12,8081,致新,主結構關鍵K突破,259.5,283.0,2026-04-30,2026-05-04,259.5,252.5,1.28,4.08,31.6,19.65,1.73,33.91,-2.7
2026-06-12,8081,致新,主結構關鍵K突破,272.5,283.0,2026-05-13,2026-05-18,272.5,251.0,1.28,4.08,25.32,13.94,-3.12,27.52,-7.34
2026-06-17,8081,致新,主結構關鍵K突破,293.0,293.5,2026-05-25,2026-05-25,293.0,283.0,1.22,7.02,11.09,7.85,-17.92,18.6,-18.09
2026-05-27,8131,福懋科,主結構關鍵K突破,67.5,68.9,2026-05-26,2026-05-26,67.5,64.4,1.73,7.54,8.0,-0.89,11.26,19.11,-8.0
2026-06-12,8150,南茂,主結構關鍵K突破,76.7,97.0,2026-04-30,2026-05-04,76.7,70.7,1.58,7.67,48.63,17.99,35.59,60.37,17.86
2026-06-12,8150,南茂,主結構關鍵K突破,87.0,97.0,2026-05-25,2026-05-25,87.0,79.1,1.58,7.67,31.03,4.02,19.54,41.38,3.91
2026-05-27,8213,志超,主結構關鍵K突破,38.25,40.65,2026-05-07,2026-05-07,38.25,37.1,1.74,7.18,0.52,-8.5,-3.66,7.71,-12.03
2026-05-27,8213,志超,主結構關鍵K突破,39.9,40.65,2026-05-25,2026-05-25,39.9,38.5,1.74,7.18,-3.63,-12.28,-7.64,3.26,-15.66
2026-06-15,8215,明基材,主結構關鍵K突破,28.4,30.55,2026-04-30,2026-05-05,28.4,25.75,1.78,5.75,5.63,6.87,-3.52,16.73,-10.04
2026-06-15,8215,明基材,主結構關鍵K突破,29.85,30.55,2026-05-19,2026-05-22,29.85,27.9,1.78,5.75,0.5,1.68,-8.21,11.06,-14.41
2026-05-28,8271,宇瞻,主結構關鍵K突破,232.0,237.0,2026-04-30,2026-05-05,232.0,223.0,1.81,4.72,5.6,-15.09,-14.66,14.01,-18.32
2026-05-14,8415,大國鋼,主結構關鍵K突破,34.75,34.8,2026-05-11,2026-05-11,34.75,34.35,2.35,2.25,4.32,-0.72,1.01,5.18,-1.73
2026-05-20,8415,大國鋼,主結構關鍵K突破,35.95,36.45,2026-05-15,2026-05-15,35.95,34.85,2.01,6.41,-3.06,-1.95,-1.67,1.67,-5.01
2026-07-14,8415,大國鋼,主結構關鍵K突破,35.35,35.8,2026-06-03,2026-06-03,35.35,34.6,2.88,2.25,3.68,8.06,8.06,10.33,0.42
2026-07-22,8415,大國鋼,主結構關鍵K突破,36.95,37.4,2026-07-16,2026-07-21,36.95,36.15,1.62,5.95,3.65,0.41,2.84,6.63,-1.89
2026-07-28,8415,大國鋼,主結構關鍵K突破,37.75,38.2,2026-07-22,2026-07-22,37.75,36.65,1.25,7.07,-2.52,1.19,1.06,4.37,-3.97
2026-08-26,8436,大江,主結構關鍵K突破,126.0,126.5,2026-08-13,2026-08-18,126.0,122.0,1.28,6.32,-9.52,-14.29,-16.27,1.19,-16.67
2026-06-15,8932,智通*,主結構關鍵K突破,95.0,103.0,2026-04-30,2026-05-05,95.0,87.5,1.6,3.99,5.79,14.21,33.16,33.16,3.68
2026-06-15,8932,智通*,主結構關鍵K突破,96.5,103.0,2026-05-13,2026-05-13,96.5,91.7,1.6,3.99,4.15,12.44,31.09,31.09,2.07
2026-06-12,9917,中保科,主結構關鍵K突破,117.5,122.0,2026-06-02,2026-06-04,117.5,115.0,2.94,6.67,-0.85,-9.79,-9.36,4.68,-10.64
2026-06-12,9917,中保科,主結構關鍵K突破,119.0,122.0,2026-06-08,2026-06-10,119.0,117.5,2.94,6.67,-2.1,-10.92,-10.5,3.36,-11.76
2026-06-16,9921,巨大,主結構關鍵K突破,76.0,76.7,2026-05-13,2026-05-13,76.0,71.8,1.23,7.74,-3.16,1.84,15.79,15.79,-4.34
2026-06-11,9921,巨大,主結構關鍵K突破,72.4,75.7,2026-06-09,2026-06-10,72.4,70.4,1.99,7.48,2.35,5.66,10.36,10.5,0.41
2026-06-29,9921,巨大,主結構關鍵K突破,76.8,77.1,2026-06-26,2026-06-26,76.8,73.8,1.5,6.77,0.39,5.86,10.68,19.79,-5.34
2026-07-16,9938,百和,主結構關鍵K突破,46.4,46.6,2026-06-03,2026-06-03,46.4,45.05,1.25,3.29,1.08,-2.37,-9.16,3.23,-10.02
2026-07-16,9938,百和,主結構關鍵K突破,45.95,46.6,2026-07-01,2026-07-01,45.95,44.1,1.25,3.29,2.07,-1.41,-8.27,4.24,-9.14
2026-06-03,9939,宏全,主結構關鍵K突破,124.5,126.5,2026-05-29,2026-06-01,124.5,122.0,1.27,6.2,4.82,7.63,-5.22,9.24,-6.83
2026-07-16,9941,裕融,主結構關鍵K突破,81.3,84.2,2026-07-01,2026-07-01,81.3,80.0,1.59,2.57,0.74,0.12,5.9,6.27,-0.86
2026-08-10,9941,裕融,主結構關鍵K突破,84.5,85.2,2026-08-07,2026-08-07,84.5,82.2,1.2,3.85,-0.71,1.66,-4.73,3.79,-6.39
2026-08-25,9941,裕融,主結構關鍵K突破,85.9,86.8,2026-08-19,2026-08-20,85.9,84.9,1.6,3.91,-6.87,-5.7,-5.01,2.1,-7.92
2026-08-27,9941,裕融,主結構關鍵K突破,86.8,87.1,2026-08-25,2026-08-25,86.8,85.5,1.93,4.02,-6.8,-7.49,-5.99,0.81,-8.87
2026-06-04,9945,潤泰新,主結構關鍵K突破,25.05,25.2,2026-06-03,2026-06-03,25.05,23.85,1.36,6.67,3.99,9.78,5.79,11.38,-3.59
2026-06-30,9958,世紀鋼,主結構關鍵K突破,117.0,117.5,2026-06-17,2026-06-17,117.0,112.0,1.3,6.54,0.43,1.71,-11.11,7.26,-14.1
