date,code,name,route,entry,close,key_date,key_high,key_low,support_lower,support_upper,volume_ratio,extension_pct,ret_5d,ret_10d,ret_20d,mfe_20d,mae_20d
2026-05-07,1101,台泥,30MA回踩,25.4,25.5,2026-05-06,25.4,24.1,24.1,24.78,1.31,4.91,-3.35,-4.72,-3.74,1.18,-6.89
2026-09-01,1101,台泥,30MA回踩,24.45,25.3,2026-08-31,24.45,24.05,24.05,24.42,1.92,4.07,-0.61,0.2,0.2,3.89,-1.02
2026-06-10,1210,大成,30MA回踩,54.7,55.4,2026-06-08,54.7,53.2,52.86,53.2,2.02,4.67,0.73,1.83,4.2,8.78,-0.37
2026-07-02,1210,大成,30MA回踩,56.0,57.6,2026-06-25,56.0,54.9,55.0,55.19,1.39,6.12,1.79,3.39,0.0,6.25,-0.36
2026-07-06,1216,統一,30MA回踩,76.4,77.8,2026-06-25,76.4,74.6,74.6,75.22,1.54,4.77,2.75,4.19,-3.27,5.63,-5.24
2026-07-08,1216,統一,強勢20MA續強,78.4,78.6,2026-07-06,78.4,76.4,74.6,75.22,1.41,3.84,0.77,-1.79,-6.89,2.93,-7.65
2026-07-09,1216,統一,30MA回踩,76.4,78.4,2026-06-25,76.4,74.6,74.6,75.22,1.22,4.51,4.71,1.31,-0.92,5.63,-5.24
2026-07-13,1216,統一,強勢20MA續強,78.4,78.5,2026-07-06,78.4,76.4,74.6,75.22,1.3,3.24,2.42,-1.66,-3.7,2.93,-7.65
2026-07-03,1227,佳格,30MA回踩,28.95,30.0,2026-06-16,28.95,28.7,29.02,29.1,1.47,4.38,3.97,4.15,0.0,5.87,-1.21
2026-07-06,1227,佳格,強勢20MA續強,30.25,30.65,2026-07-03,30.25,29.35,29.02,29.1,1.64,5.27,-1.32,-0.17,-5.12,1.32,-5.79
2026-05-05,1303,南亞,強勢20MA續強,92.5,94.0,2026-04-28,92.5,88.6,83.34,88.0,1.4,7.47,-3.68,-11.68,21.62,27.57,-13.08
2026-07-02,1304,台聚,強勢20MA續強,13.8,14.1,2026-07-01,13.8,13.45,13.19,13.2,1.84,6.98,-2.9,-3.26,-18.48,14.49,-21.01
2026-09-01,1305,華夏,30MA回踩,12.55,12.6,2026-08-31,12.55,12.0,11.8,12.0,2.16,6.75,-3.19,-3.19,-3.19,3.59,-4.78
2026-06-02,1307,三芳,30MA回踩,32.55,33.15,2026-06-01,32.55,30.8,30.8,31.66,1.6,4.83,6.3,14.9,5.38,17.67,0.15
2026-06-03,1307,三芳,強勢20MA續強,33.2,34.0,2026-06-02,33.2,32.15,30.8,31.66,2.56,6.92,5.42,8.73,5.42,15.36,-1.81
2026-07-02,1308,亞聚,強勢20MA續強,14.3,14.45,2026-07-01,14.3,13.95,13.65,13.8,1.56,4.69,2.45,0.35,-12.24,18.88,-14.34
2026-05-21,1402,遠東新,30MA回踩,26.75,27.2,2026-05-20,26.75,26.05,26.05,26.25,1.68,3.51,-7.29,2.99,7.85,9.53,-12.9
2026-09-02,1409,新纖,30MA回踩,25.1,25.35,2026-08-27,25.1,24.2,23.7,24.34,1.67,7.27,6.97,-2.59,-2.59,6.97,-4.38
2026-06-23,1449,佳和,強勢20MA續強,14.4,15.0,2026-06-22,14.4,14.2,13.75,13.79,1.69,7.78,-1.04,-1.04,-11.11,7.64,-14.58
2026-06-04,1476,儒鴻,強勢20MA續強,356.5,363.5,2026-06-02,356.5,347.5,339.0,339.2,1.39,6.29,-3.51,-8.27,-9.26,2.1,-13.74
2026-07-21,1476,儒鴻,30MA回踩,339.0,343.5,2026-07-16,339.0,327.0,327.0,333.27,1.41,3.76,0.0,4.57,-8.41,8.55,-8.7
2026-07-30,1476,儒鴻,30MA回踩,341.5,352.0,2026-07-27,341.5,333.0,328.0,335.9,2.36,6.63,6.73,-4.39,-8.05,7.76,-12.01
2026-06-17,1503,士電,強勢20MA續強,227.0,236.5,2026-06-15,227.0,223.0,211.0,217.18,1.35,6.53,7.27,4.85,-14.54,10.57,-15.42
2026-09-01,1503,士電,30MA回踩,203.5,208.5,2026-08-31,203.5,198.0,198.0,200.45,2.09,4.5,0.49,-0.74,-0.74,5.65,-1.72
2026-05-28,1513,中興電,強勢20MA續強,160.0,165.5,2026-05-25,160.0,155.5,153.38,153.5,2.82,6.11,16.87,2.5,9.69,25.63,-3.12
2026-05-28,1514,亞力,強勢20MA續強,125.0,125.5,2026-05-25,125.0,121.5,117.7,118.0,2.9,4.78,19.6,-5.6,-5.2,19.6,-8.8
2026-05-04,1519,華城,30MA回踩,905.0,917.0,2026-04-30,905.0,862.0,862.0,865.53,1.84,6.0,1.77,-11.16,-3.87,4.09,-14.92
2026-06-03,1519,華城,30MA回踩,874.0,935.0,2026-05-29,874.0,834.0,834.0,868.43,2.35,7.78,-9.5,-8.12,-11.9,14.07,-14.87
2026-05-07,1563,巧新,30MA回踩,42.4,43.55,2026-05-06,42.4,40.45,40.45,42.06,2.39,4.16,7.08,7.78,56.37,70.99,1.42
2026-05-13,1563,巧新,強勢20MA續強,44.05,44.2,2026-05-08,44.05,43.0,41.65,42.15,1.34,4.32,2.16,26.22,31.67,64.59,0.79
2026-08-27,1582,信錦,強勢20MA續強,75.0,75.9,2026-08-26,75.0,73.1,71.9,72.16,2.18,4.22,-2.4,-6.13,-6.53,3.6,-7.47
2026-07-22,1590,亞德客-KY,30MA回踩,1370.0,1430.0,2026-07-21,1370.0,1305.0,1305.0,1356.75,1.29,6.31,-3.28,10.22,6.2,17.88,-6.93
2026-05-07,1608,華榮,30MA回踩,33.3,34.3,2026-05-05,33.3,32.75,32.75,33.19,2.33,4.85,-1.05,-1.5,16.52,18.32,-6.76
2026-05-29,1608,華榮,30MA回踩,34.45,34.5,2026-05-28,34.45,33.4,33.21,33.4,1.82,3.79,4.79,-0.15,-4.35,14.37,-4.93
2026-08-27,1609,大亞,30MA回踩,37.45,37.75,2026-08-25,37.45,36.9,36.58,36.9,2.43,3.4,-1.2,0.8,1.07,2.4,-2.0
2026-05-04,1612,宏泰,30MA回踩,35.5,36.45,2026-04-28,35.5,34.7,34.7,35.26,2.79,3.38,4.93,0.56,6.06,7.32,-0.7
2026-05-07,1612,宏泰,強勢20MA續強,36.9,37.2,2026-05-05,36.9,36.25,35.41,35.65,2.34,4.41,-2.03,-0.81,10.16,15.18,-4.47
2026-06-01,1612,宏泰,30MA回踩,37.45,37.65,2026-05-28,37.45,36.5,36.5,36.57,1.81,3.88,0.8,1.74,-0.93,13.48,-3.6
2026-06-02,1709,和益,30MA回踩,19.7,19.75,2026-06-01,19.7,19.15,18.73,19.15,1.87,5.32,2.79,5.58,17.77,21.32,-2.03
2026-08-25,1712,興農,30MA回踩,39.55,40.0,2026-08-21,39.55,39.2,39.2,39.26,1.28,1.81,1.52,3.29,1.77,4.42,-0.13
2026-09-01,1718,中纖,30MA回踩,10.95,11.15,2026-08-31,10.95,10.6,10.6,10.6,2.11,6.94,-5.02,-5.02,-5.02,3.2,-6.39
2026-07-06,1722,台肥,30MA回踩,48.15,48.95,2026-07-02,48.15,47.25,47.99,48.25,1.26,2.82,-1.25,-2.18,-6.33,2.08,-6.65
2026-06-01,1723,中碳,30MA回踩,83.1,83.9,2026-05-27,83.1,80.8,80.16,80.8,1.58,4.47,1.44,8.3,-0.96,10.11,-2.41
2026-06-15,1723,中碳,強勢20MA續強,88.5,90.0,2026-06-12,88.5,85.6,82.95,83.1,1.55,7.78,-1.36,-7.01,-3.28,3.39,-8.59
2026-07-23,1723,中碳,30MA回踩,89.0,89.4,2026-07-20,89.0,85.0,85.0,85.47,1.71,4.14,-5.39,-6.29,-3.03,1.46,-9.55
2026-08-21,1723,中碳,30MA回踩,87.7,88.3,2026-08-17,87.7,82.1,82.1,85.2,2.54,3.15,-1.6,-1.94,-6.84,2.62,-7.64
2026-06-18,1727,中華化,30MA回踩,93.9,94.1,2026-06-17,93.9,85.1,85.1,93.0,1.29,5.07,-6.28,-1.28,-18.0,10.22,-20.66
2026-08-10,1736,喬山,30MA回踩,134.5,139.5,2026-08-05,134.5,121.0,121.0,131.68,2.17,5.98,-2.23,-5.58,-6.32,10.04,-9.67
2026-07-31,1808,潤隆,30MA回踩,32.8,33.0,2026-07-30,32.8,31.0,31.0,31.5,2.78,5.85,0.76,-0.46,6.1,15.24,-3.51
2026-08-19,1808,潤隆,30MA回踩,33.15,33.3,2026-08-07,33.15,31.85,32.56,32.6,1.61,3.61,7.39,6.94,3.92,14.03,0.75
2026-08-24,1808,潤隆,強勢20MA續強,34.5,35.7,2026-08-20,34.5,33.4,32.6,32.68,1.8,7.86,-1.16,-0.72,-0.14,5.94,-2.61
2026-05-13,1810,和成,30MA回踩,18.35,18.75,2026-05-11,18.35,17.7,17.85,18.11,1.33,5.27,0.27,8.45,14.99,25.34,-0.54
2026-08-06,1907,永豐餘,強勢20MA續強,29.7,30.35,2026-08-04,29.7,28.65,28.3,28.5,1.33,6.53,0.67,2.53,2.02,6.73,-4.88
2026-07-03,1909,榮成,30MA回踩,9.85,10.3,2026-07-02,9.85,9.47,9.47,9.78,2.35,7.84,4.06,0.51,2.03,13.2,-1.02
2026-06-03,2002,中鋼,30MA回踩,19.25,19.4,2026-06-01,19.25,18.9,18.82,18.9,1.53,3.32,-2.86,-2.6,-3.38,3.64,-4.42
2026-06-22,2002,中鋼,30MA回踩,19.1,19.5,2026-06-18,19.1,18.75,18.75,19.05,1.21,3.75,-0.26,-0.52,-1.57,4.45,-4.45
2026-08-10,2002,中鋼,30MA回踩,19.1,19.65,2026-08-06,19.1,18.7,18.92,19.0,2.65,4.2,-1.31,0.52,-0.52,4.19,-1.83
2026-08-11,2002,中鋼,強勢20MA續強,19.65,19.75,2026-08-10,19.65,19.15,18.92,19.0,1.81,4.03,-3.56,-3.05,-2.8,1.02,-4.58
2026-07-30,2006,東和鋼鐵,30MA回踩,72.3,73.4,2026-07-17,72.3,70.0,69.0,70.83,1.21,4.37,19.23,18.12,11.76,23.37,0.83
2026-06-02,2009,第一銅,30MA回踩,40.15,41.1,2026-05-29,40.15,39.0,39.39,39.4,1.72,5.33,1.0,-0.25,-3.86,14.45,-5.85
2026-08-25,2009,第一銅,強勢20MA續強,39.9,41.25,2026-08-21,39.9,39.0,38.05,38.3,1.56,6.45,2.01,1.75,-2.26,10.78,-3.13
2026-05-06,2027,大成鋼,30MA回踩,38.1,38.45,2026-05-05,38.1,37.45,37.45,37.58,1.4,2.79,0.0,8.01,15.09,17.45,-1.31
2026-05-08,2027,大成鋼,強勢20MA續強,39.2,39.6,2026-05-07,39.2,38.25,37.61,37.75,1.47,5.13,1.66,7.02,11.73,14.16,-4.08
2026-05-15,2027,大成鋼,30MA回踩,38.1,39.85,2026-05-05,38.1,37.45,38.08,38.1,1.8,4.76,10.1,9.32,14.3,17.45,3.02
2026-06-03,2030,彰源,強勢20MA續強,18.75,18.85,2026-05-25,18.75,17.3,16.8,16.87,1.39,6.83,-0.53,-1.6,-1.6,7.73,-6.67
2026-09-04,2034,允強,30MA回踩,20.85,21.1,2026-09-03,20.85,20.5,19.78,20.5,2.39,6.33,-2.88,-2.88,-2.88,2.64,-3.12
2026-08-07,2101,南港,強勢20MA續強,34.6,35.5,2026-08-06,34.6,34.05,33.35,33.63,1.7,5.33,-8.82,-3.9,-9.39,1.16,-11.13
2026-06-01,2105,正新,30MA回踩,32.45,33.0,2026-05-29,32.45,31.95,31.7,31.96,1.33,3.21,3.24,4.47,-7.7,8.78,-10.48
2026-06-11,2105,正新,強勢20MA續強,34.9,35.0,2026-06-10,34.9,33.8,32.7,32.86,1.29,6.0,-15.04,-15.76,-5.87,0.57,-16.76
2026-07-28,2106,建大,30MA回踩,18.1,18.4,2026-07-27,18.1,17.6,17.6,17.71,2.35,4.55,0.83,4.42,-4.7,5.52,-5.25
2026-08-11,2106,建大,30MA回踩,18.4,18.9,2026-08-10,18.4,18.05,18.05,18.12,1.31,5.61,-5.43,-6.25,-7.88,1.09,-8.7
2026-07-01,2204,中華,30MA回踩,56.2,56.5,2026-06-24,56.2,54.8,54.9,55.6,2.25,3.13,2.49,3.02,-7.12,3.56,-9.79
2026-06-11,2207,和泰車,30MA回踩,488.0,489.5,2026-06-09,488.0,470.5,470.0,473.8,1.92,3.23,-1.23,-1.43,-2.66,1.02,-6.76
2026-07-29,2207,和泰車,強勢20MA續強,503.0,519.0,2026-07-27,503.0,493.0,481.12,485.0,2.99,7.04,1.19,0.2,3.98,13.92,-0.2
2026-06-16,2258,鴻華先進-創,30MA回踩,31.5,31.7,2026-06-11,31.5,29.75,29.75,30.24,1.44,6.93,10.16,5.24,3.17,11.11,-2.38
2026-08-18,2302,麗正,30MA回踩,43.7,45.3,2026-08-17,43.7,41.45,41.45,42.63,2.03,6.83,-4.81,0.69,-6.18,9.5,-7.67
2026-09-01,2312,金寶,30MA回踩,32.45,33.05,2026-08-31,32.45,31.45,31.45,32.24,1.77,3.86,-3.54,-6.16,-6.16,3.85,-6.32
2026-09-01,2316,楠梓電,強勢20MA續強,165.0,166.5,2026-08-27,165.0,160.5,156.67,158.0,1.67,3.38,-4.24,-4.24,-4.24,1.82,-7.27
2026-05-25,2317,鴻海,強勢20MA續強,251.5,261.0,2026-05-22,251.5,245.0,239.5,240.95,1.31,7.44,16.7,7.16,3.18,24.85,0.0
2026-09-01,2330,台積電,30MA回踩,2400.0,2440.0,2026-08-25,2400.0,2350.0,2375.0,2397.0,1.48,2.74,2.92,0.42,0.42,4.37,-0.83
2026-09-08,2330,台積電,強勢20MA續強,2460.0,2470.0,2026-09-07,2460.0,2430.0,2390.0,2403.25,1.4,2.62,-2.03,-2.03,-2.03,1.22,-2.24
2026-05-28,2347,聯強,30MA回踩,85.0,85.7,2026-05-25,85.0,83.8,83.69,84.3,1.24,2.7,5.76,6.82,9.18,14.24,-1.06
2026-07-16,2348,海悅,強勢20MA續強,77.9,79.9,2026-07-06,77.9,75.3,72.0,73.08,2.18,7.64,1.67,-2.05,-10.4,2.57,-14.25
2026-05-13,2352,佳世達,30MA回踩,25.8,26.25,2026-05-11,25.8,24.9,25.1,25.2,1.52,6.68,0.97,6.78,16.67,37.79,-3.68
2026-05-11,2353,宏碁,30MA回踩,28.1,28.8,2026-05-06,28.1,27.55,27.75,27.87,1.8,4.17,-2.49,15.66,25.62,57.3,-3.02
2026-09-04,2353,宏碁,30MA回踩,31.3,32.7,2026-08-25,31.3,30.7,31.25,31.36,2.12,6.64,-0.64,-0.64,-0.64,5.59,-1.76
2026-06-03,2354,鴻準,強勢20MA續強,64.0,65.1,2026-06-01,64.0,61.4,59.0,60.35,1.86,7.32,-12.03,-10.16,-14.22,1.25,-15.78
2026-09-01,2354,鴻準,強勢20MA續強,65.3,65.9,2026-08-27,65.3,61.6,60.2,60.55,1.4,6.58,-1.23,0.61,0.61,2.91,-2.45
2026-08-13,2356,英業達,30MA回踩,66.0,68.8,2026-08-11,66.0,64.2,63.68,64.2,2.0,7.79,-2.27,-0.61,-5.15,11.36,-5.3
2026-05-07,2357,華碩,強勢20MA續強,634.0,639.0,2026-05-06,634.0,596.0,588.0,589.45,2.25,7.7,7.1,3.47,40.69,52.05,-1.89
2026-07-15,2359,所羅門,30MA回踩,142.5,144.0,2026-07-09,142.5,135.5,134.5,137.42,1.21,4.69,-2.46,-3.86,0.35,10.53,-17.89
2026-05-07,2362,藍天,強勢20MA續強,39.85,39.95,2026-05-06,39.85,39.05,38.3,38.65,1.79,3.22,-1.88,0.13,21.33,30.74,-4.39
2026-05-26,2362,藍天,強勢20MA續強,41.2,41.7,2026-05-22,41.2,39.65,39.15,39.2,1.82,5.52,25.97,16.87,11.89,26.46,-1.21
2026-05-07,2375,凱美,強勢20MA續強,90.5,91.3,2026-04-29,90.5,87.2,80.0,82.1,2.22,6.8,11.6,35.36,60.22,95.03,-4.42
2026-05-27,2379,瑞昱,強勢20MA續強,582.0,605.0,2026-05-21,582.0,571.0,553.95,556.0,1.28,7.67,11.0,10.82,39.86,66.67,-0.52
2026-07-15,2382,廣達,30MA回踩,380.5,381.0,2026-07-08,380.5,367.0,367.0,371.95,1.45,1.02,-13.53,-18.66,-14.45,-5.26,-26.68
2026-09-09,2382,廣達,30MA回踩,338.5,342.0,2026-08-31,338.5,326.0,319.03,326.0,1.48,5.93,-0.59,-0.59,-0.59,0.59,-2.66
2026-05-05,2393,億光,30MA回踩,71.3,72.3,2026-04-29,71.3,68.6,70.6,71.31,1.35,2.81,1.96,-12.48,-9.4,4.77,-15.43
2026-07-13,2395,研華,30MA回踩,522.0,536.0,2026-07-07,522.0,493.0,492.8,493.0,1.49,7.94,-1.15,10.54,27.78,33.14,-5.46
2026-05-08,2404,漢唐,強勢20MA續強,1005.0,1015.0,2026-05-07,1005.0,985.0,965.0,966.1,1.46,4.48,-0.5,14.93,19.9,33.83,-2.29
2026-05-13,2412,中華電,30MA回踩,136.5,137.5,2026-05-08,136.5,135.5,135.5,136.3,1.34,1.38,1.83,0.37,5.49,5.49,-0.37
2026-06-01,2412,中華電,30MA回踩,138.5,140.5,2026-05-29,138.5,136.5,136.5,137.22,1.69,2.59,0.0,5.05,2.17,6.14,-0.36
2026-09-08,2412,中華電,30MA回踩,138.5,139.0,2026-09-07,138.5,136.5,136.5,137.1,1.23,1.44,1.44,1.44,1.44,1.44,-0.72
2026-07-14,2414,精技,30MA回踩,62.2,63.6,2026-07-08,62.2,60.5,60.8,61.0,2.23,7.53,-8.52,-10.13,-16.56,4.34,-17.52
2026-09-04,2419,仲琦,強勢20MA續強,25.6,27.1,2026-09-01,25.6,25.15,24.77,24.9,2.58,7.49,5.66,5.66,5.66,8.2,4.3
2026-07-14,2425,承啟,強勢20MA續強,44.05,44.25,2026-07-13,44.05,44.05,39.7,40.65,2.14,7.75,-5.79,-1.7,4.31,20.09,-8.74
2026-05-07,2428,興勤,強勢20MA續強,183.0,188.5,2026-05-04,183.0,176.0,173.95,174.0,1.43,5.19,15.85,25.68,44.81,75.68,-2.73
2026-05-26,2436,偉詮電,強勢20MA續強,78.0,79.6,2026-05-22,78.0,75.7,72.4,73.44,1.32,7.82,-5.38,-13.33,-2.31,5.77,-19.62
2026-07-06,2436,偉詮電,30MA回踩,76.7,77.7,2026-07-02,76.7,69.9,69.9,73.02,1.64,6.36,-19.3,-22.29,-23.08,0.52,-35.2
2026-05-12,2441,超豐,30MA回踩,93.7,96.5,2026-05-11,93.7,90.4,88.6,90.91,1.53,6.11,8.86,45.14,33.4,57.95,1.39
2026-07-09,2441,超豐,強勢20MA續強,140.0,144.5,2026-07-01,140.0,136.5,132.0,134.05,1.22,6.96,-9.64,-15.71,-16.07,8.57,-34.29
2026-06-05,2442,新美齊,強勢20MA續強,19.7,19.9,2026-06-04,19.7,19.35,18.64,18.75,2.15,6.4,0.76,-1.02,0.51,3.81,-4.31
2026-06-10,2442,新美齊,30MA回踩,19.6,20.0,2026-06-08,19.6,18.85,18.85,18.86,2.3,6.69,1.79,-1.53,-1.79,4.34,-3.32
2026-05-22,2453,凌群,30MA回踩,55.2,57.2,2026-05-14,55.2,54.1,54.0,54.34,2.71,4.88,10.51,9.6,4.17,18.84,-0.91
2026-07-16,2467,志聖,30MA回踩,589.0,620.0,2026-07-15,589.0,535.0,577.0,597.55,2.04,5.16,-8.66,-24.79,-6.96,2.55,-26.99
2026-05-25,2476,鉅祥,30MA回踩,121.0,124.5,2026-05-15,121.0,114.5,116.0,117.15,1.44,7.08,0.83,-2.48,6.2,11.57,-10.74
2026-07-02,2476,鉅祥,強勢20MA續強,133.0,134.0,2026-06-25,133.0,126.0,122.85,125.0,1.33,7.33,-3.01,-10.9,-14.66,5.26,-24.44
2026-08-26,2476,鉅祥,30MA回踩,120.5,125.5,2026-08-25,120.5,112.5,112.5,119.73,1.95,4.93,4.15,-0.41,-2.07,7.88,-3.73
2026-07-16,2486,一詮,30MA回踩,257.0,261.5,2026-07-15,257.0,238.5,226.0,252.07,2.1,3.63,-7.0,-33.46,-9.92,-2.14,-35.21
2026-06-10,2511,太子,30MA回踩,7.98,8.16,2026-06-08,7.98,7.83,7.8,7.83,2.37,4.57,2.63,1.88,6.39,9.4,0.75
2026-07-03,2511,太子,30MA回踩,8.24,8.4,2026-07-01,8.24,8.08,8.12,8.13,2.33,4.86,3.16,3.76,3.16,5.95,-1.46
2026-06-22,2515,中工,強勢20MA續強,13.5,13.55,2026-06-18,13.5,13.2,12.99,13.0,1.33,4.19,-4.07,5.56,-8.89,13.33,-10.74
2026-06-02,2520,冠德,30MA回踩,30.9,31.2,2026-06-01,30.9,29.8,29.8,30.34,1.22,2.83,4.85,11.65,11.0,20.87,0.32
2026-06-05,2520,冠德,強勢20MA續強,31.85,32.1,2026-06-03,31.85,31.0,30.51,30.55,1.62,4.48,9.89,6.75,10.68,17.27,-2.67
2026-09-04,2520,冠德,30MA回踩,36.45,37.1,2026-08-31,36.45,34.95,35.8,35.88,2.07,4.59,0.0,0.0,0.0,2.74,-1.1
2026-05-27,2535,達欣工,強勢20MA續強,77.6,78.0,2026-05-22,77.6,75.9,74.6,74.64,1.79,4.3,4.12,15.59,22.55,27.06,0.64
2026-07-13,2539,櫻花建,30MA回踩,39.3,40.95,2026-07-02,39.3,38.65,39.05,39.21,1.27,6.15,2.8,5.34,9.03,11.32,1.02
2026-07-30,2539,櫻花建,強勢20MA續強,41.4,42.95,2026-07-27,41.4,40.5,39.85,40.02,1.24,6.09,4.11,0.97,-16.67,5.68,-18.6
2026-08-05,2539,櫻花建,30MA回踩,40.6,43.35,2026-07-24,40.6,39.85,40.65,41.07,1.43,7.23,3.82,1.6,-13.92,7.76,-17.0
2026-06-03,2542,興富發,30MA回踩,42.6,43.0,2026-06-01,42.6,41.3,42.25,42.52,1.42,4.1,6.69,6.69,1.17,10.56,-3.29
2026-08-13,2542,興富發,強勢20MA續強,44.85,46.4,2026-08-12,44.85,44.5,44.01,44.15,1.94,5.07,7.69,6.47,3.68,9.25,2.01
2026-09-03,2542,興富發,強勢20MA續強,48.0,48.65,2026-09-02,48.0,47.55,46.55,46.78,1.24,3.5,-3.12,-3.12,-3.12,1.56,-4.17
2026-07-03,2547,日勝生,強勢20MA續強,11.35,11.55,2026-07-02,11.35,11.15,10.85,10.97,1.37,4.74,-0.44,-10.13,-9.25,3.96,-11.45
2026-05-22,2603,長榮,強勢20MA續強,214.5,219.0,2026-05-21,214.5,210.5,206.28,207.0,2.03,5.71,-0.7,8.16,-10.02,13.05,-10.49
2026-06-01,2603,長榮,30MA回踩,216.5,224.0,2026-05-29,216.5,211.0,210.9,211.0,1.76,7.87,3.46,3.7,-14.78,12.01,-16.63
2026-08-10,2603,長榮,30MA回踩,205.5,214.0,2026-08-06,205.5,202.0,203.03,204.0,1.56,7.65,12.65,21.9,13.38,24.82,2.68
2026-08-11,2603,長榮,強勢20MA續強,215.0,218.0,2026-08-10,215.0,208.0,203.03,204.0,1.31,6.76,10.7,14.42,6.51,19.3,-1.86
2026-05-25,2606,裕民,強勢20MA續強,65.4,67.9,2026-05-20,65.4,63.7,62.7,62.97,1.31,6.76,9.94,4.28,-5.66,11.62,-7.95
2026-08-07,2606,裕民,強勢20MA續強,65.0,67.5,2026-08-05,65.0,63.8,62.5,62.87,2.2,6.87,2.0,11.69,20.31,23.08,-0.62
2026-08-17,2606,裕民,30MA回踩,68.0,68.3,2026-08-13,68.0,65.1,64.36,64.6,1.3,7.03,6.32,11.91,12.5,20.15,0.0
2026-08-18,2606,裕民,強勢20MA續強,68.7,69.0,2026-08-17,68.7,66.3,64.36,64.6,1.51,6.7,13.54,9.17,11.35,18.92,-1.02
2026-06-01,2610,華航,強勢20MA續強,19.15,19.55,2026-05-29,19.15,18.8,18.54,18.6,1.55,5.01,-0.52,11.75,23.76,29.24,-1.31
2026-08-14,2615,萬海,強勢20MA續強,88.4,90.6,2026-08-10,88.4,86.1,83.3,86.5,2.3,5.93,40.84,26.13,26.7,52.15,2.71
2026-06-12,2617,台航,30MA回踩,29.8,30.0,2026-06-05,29.8,29.4,29.24,29.4,1.47,2.55,0.84,-1.17,0.67,4.19,-2.18
2026-05-29,2618,長榮航,30MA回踩,35.45,36.05,2026-05-27,35.45,34.8,34.79,34.8,2.83,3.9,6.35,9.17,23.84,28.77,1.13
2026-06-01,2618,長榮航,強勢20MA續強,36.25,37.7,2026-05-28,36.25,35.3,34.79,34.8,1.77,7.38,0.41,10.21,23.86,25.93,-1.1
2026-06-12,2618,長榮航,強勢20MA續強,37.8,38.7,2026-06-11,37.8,36.75,35.85,36.09,1.29,6.65,10.19,16.14,7.94,20.77,2.51
2026-05-05,2634,漢翔,30MA回踩,49.35,50.0,2026-05-04,49.35,46.8,46.8,48.43,1.22,3.26,-5.37,-7.19,-4.36,4.56,-7.8
2026-08-20,2636,台驊控股,30MA回踩,68.3,71.2,2026-08-14,68.3,66.5,66.5,66.7,2.46,6.9,1.76,1.76,4.25,15.52,-0.29
2026-05-06,2637,慧洋-KY,30MA回踩,73.6,76.0,2026-05-04,73.6,71.7,72.2,72.59,1.83,6.63,0.41,-2.45,4.62,8.42,-4.35
2026-05-27,2637,慧洋-KY,30MA回踩,75.5,75.9,2026-05-25,75.5,71.2,71.2,73.56,2.03,3.22,1.99,0.66,0.79,11.26,-0.53
2026-06-01,2637,慧洋-KY,強勢20MA續強,78.4,78.8,2026-05-28,78.4,76.0,73.5,73.81,1.61,6.09,0.13,1.02,-7.4,7.14,-9.57
2026-06-04,2637,慧洋-KY,30MA回踩,75.5,78.1,2026-05-25,75.5,71.2,73.5,73.81,2.31,5.41,3.71,2.52,-1.59,11.26,-6.23
2026-06-09,2637,慧洋-KY,強勢20MA續強,78.4,80.9,2026-05-28,78.4,76.0,73.5,73.81,2.02,7.24,0.0,-3.44,2.04,3.83,-9.69
2026-08-07,2637,慧洋-KY,強勢20MA續強,87.5,87.9,2026-08-05,87.5,84.4,81.2,81.97,1.35,6.55,-2.06,16.57,14.06,23.43,-4.11
2026-05-08,2645,長榮航太,30MA回踩,160.0,164.0,2026-05-07,160.0,153.5,153.5,158.72,2.62,5.24,-5.94,0.31,5.94,9.06,-7.5
2026-05-29,2645,長榮航太,30MA回踩,163.5,166.5,2026-05-27,163.5,157.5,157.5,158.47,1.45,4.63,3.67,1.83,5.2,10.09,-2.14
2026-06-22,2645,長榮航太,30MA回踩,171.5,173.5,2026-06-17,171.5,167.0,167.0,167.28,1.69,6.35,0.29,38.78,25.36,50.44,-1.75
2026-06-24,2646,星宇航空,30MA回踩,21.45,21.7,2026-06-18,21.45,21.05,20.47,21.05,1.51,5.57,-1.86,-1.17,-0.93,4.66,-3.03
2026-07-21,2646,星宇航空,30MA回踩,21.55,22.0,2026-07-17,21.55,21.1,20.9,21.32,1.69,4.21,1.16,-1.86,-3.48,3.02,-6.26
2026-07-28,2646,星宇航空,30MA回踩,21.6,21.8,2026-07-27,21.6,21.2,21.2,21.32,1.62,2.29,-2.08,-3.94,-2.31,1.85,-6.48
2026-06-09,2801,彰銀,30MA回踩,21.2,22.3,2026-06-08,21.2,20.8,20.67,20.8,2.81,7.65,7.55,8.02,12.74,14.15,3.54
2026-07-21,2801,彰銀,30MA回踩,24.2,24.3,2026-07-20,24.2,23.55,23.55,23.66,1.28,4.46,1.45,4.13,-1.24,6.4,-4.96
2026-09-11,2812,台中銀,30MA回踩,19.45,19.5,2026-09-07,19.45,19.05,19.05,19.1,1.93,2.53,,,,,
2026-06-09,2820,華票,30MA回踩,17.0,17.4,2026-06-08,17.0,16.85,16.85,16.88,2.24,2.98,5.0,4.12,1.47,6.18,-2.35
2026-09-03,2820,華票,30MA回踩,16.8,17.05,2026-09-02,16.8,16.5,16.44,16.5,2.7,3.59,1.49,3.57,3.57,3.87,-0.3
2026-06-09,2834,臺企銀,30MA回踩,16.6,17.1,2026-06-08,16.6,16.35,16.21,16.35,1.93,5.27,5.42,7.23,9.94,9.94,0.6
2026-07-06,2836,高雄銀,30MA回踩,12.5,12.55,2026-07-03,12.5,12.15,12.15,12.27,2.75,3.41,0.4,1.2,-4.8,4.0,-6.0
2026-07-27,2836,高雄銀,強勢20MA續強,12.8,12.9,2026-07-21,12.8,12.55,12.42,12.45,1.7,2.93,-6.64,-7.03,-5.47,1.56,-8.2
2026-06-05,2838,聯邦銀,強勢20MA續強,21.45,21.55,2026-06-04,21.45,21.1,20.43,20.45,1.34,5.25,1.4,4.43,10.02,10.26,-3.96
2026-06-15,2838,聯邦銀,強勢20MA續強,21.85,21.9,2026-06-10,21.85,21.5,20.6,20.6,1.84,5.09,4.12,3.66,-3.66,13.96,-4.12
2026-06-09,2845,遠東銀,30MA回踩,12.25,12.8,2026-06-08,12.25,12.05,12.05,12.14,2.77,5.25,5.71,6.12,8.16,9.8,3.27
2026-07-31,2845,遠東銀,30MA回踩,13.35,13.5,2026-07-24,13.35,13.15,13.25,13.33,2.32,2.07,-1.12,-1.12,0.37,2.62,-1.87
2026-08-21,2845,遠東銀,30MA回踩,13.6,13.65,2026-08-17,13.6,13.2,13.2,13.31,1.33,2.26,-1.47,0.37,0.74,1.47,-5.15
2026-09-01,2845,遠東銀,30MA回踩,13.5,13.65,2026-08-31,13.5,13.35,13.35,13.39,2.83,2.06,1.48,1.48,1.48,2.22,-4.44
2026-09-01,2855,統一證,強勢20MA續強,47.6,50.0,2026-08-26,47.6,46.45,45.35,45.74,1.41,6.55,9.66,9.03,9.03,9.87,3.78
2026-06-09,2884,玉山金,30MA回踩,33.1,34.2,2026-06-08,33.1,32.3,31.93,32.3,1.63,6.94,6.34,5.74,4.98,10.57,-0.91
2026-07-20,2884,玉山金,30MA回踩,34.9,35.85,2026-07-13,34.9,34.45,34.5,34.69,1.38,3.74,4.3,10.17,8.17,12.03,0.43
2026-08-31,2884,玉山金,30MA回踩,37.9,39.75,2026-08-17,37.9,36.65,38.02,38.1,1.96,5.62,14.91,22.16,22.16,22.16,2.9
2026-09-02,2884,玉山金,強勢20MA續強,39.75,40.5,2026-08-31,39.75,38.5,38.02,38.1,1.21,5.91,11.32,16.48,16.48,16.48,2.01
2026-06-03,2889,國票金,30MA回踩,14.8,15.15,2026-06-02,14.8,14.5,14.5,14.66,2.98,3.31,1.69,2.7,0.0,4.05,-1.69
2026-07-22,2890,永豐金,30MA回踩,40.2,40.4,2026-07-21,40.2,39.2,39.2,40.08,1.48,4.25,-3.98,-1.62,-1.99,2.11,-6.47
2026-09-02,2890,永豐金,強勢20MA續強,42.0,42.15,2026-09-01,42.0,40.75,39.6,39.61,1.3,6.06,2.86,4.05,4.05,5.0,0.36
2026-06-09,2897,王道銀行,30MA回踩,10.15,10.5,2026-06-08,10.15,10.0,10.0,10.08,2.65,4.01,3.45,3.94,4.43,5.42,1.97
2026-09-02,2897,王道銀行,30MA回踩,10.65,10.7,2026-09-01,10.65,10.35,10.23,10.35,2.49,4.54,1.88,3.29,3.29,3.29,0.47
2026-07-16,2912,統一超,強勢20MA續強,241.0,245.5,2026-07-06,241.0,231.5,229.53,239.0,1.43,5.86,-1.66,-4.56,-9.96,2.28,-10.37
2026-05-26,3003,健和興,強勢20MA續強,60.8,62.7,2026-05-21,60.8,59.3,56.89,59.2,1.32,7.99,1.64,5.59,15.46,17.27,-5.43
2026-06-16,3003,健和興,強勢20MA續強,66.6,67.4,2026-06-10,66.6,64.0,60.84,63.0,2.6,7.33,5.41,-1.05,-0.9,7.06,-9.46
2026-06-15,3004,豐達科,強勢20MA續強,136.0,138.0,2026-06-12,136.0,132.5,127.5,128.28,1.43,7.37,-3.68,-1.47,14.34,19.85,-7.35
2026-06-01,3005,神基,30MA回踩,105.0,107.0,2026-05-27,105.0,102.5,99.56,102.5,1.21,6.79,-0.48,-0.95,-3.81,7.14,-8.76
2026-05-12,3010,華立,30MA回踩,136.0,141.0,2026-05-07,136.0,132.0,134.0,135.12,1.57,7.24,-9.56,3.68,-2.94,5.88,-10.29
2026-06-23,3014,聯陽,強勢20MA續強,158.0,161.0,2026-06-18,158.0,153.5,146.5,149.07,1.47,7.1,0.63,-3.16,-15.82,8.23,-23.42
2026-05-26,3022,威強電,強勢20MA續強,74.3,75.0,2026-05-25,74.3,72.4,69.9,70.23,1.28,6.32,4.58,16.96,11.44,19.78,-2.02
2026-05-19,3023,信邦,30MA回踩,294.0,307.5,2026-05-18,294.0,278.0,278.0,291.3,1.5,7.75,7.48,6.46,6.46,15.65,1.02
2026-06-05,3023,信邦,強勢20MA續強,321.0,329.0,2026-06-03,321.0,310.5,306.5,306.57,2.03,6.81,-2.18,3.74,3.12,10.12,-7.48
2026-06-09,3023,信邦,30MA回踩,294.0,329.0,2026-05-18,294.0,278.0,310.43,312.0,1.25,7.89,6.46,8.67,8.67,20.24,1.02
2026-09-02,3023,信邦,30MA回踩,329.5,330.0,2026-08-19,329.5,302.0,312.0,317.15,2.38,6.8,-0.15,-2.28,-2.28,5.61,-3.64
2026-09-04,3023,信邦,強勢20MA續強,331.5,340.0,2026-09-02,331.5,321.5,312.0,317.15,1.71,6.8,-2.87,-2.87,-2.87,4.98,-4.07
2026-08-06,3029,零壹,強勢20MA續強,109.5,110.0,2026-08-05,109.5,105.5,103.5,103.79,2.29,5.65,1.83,1.83,-0.46,5.02,-3.65
2026-05-05,3032,偉訓,30MA回踩,65.1,66.0,2026-04-30,65.1,61.7,61.7,63.35,1.99,4.24,20.89,19.2,35.18,43.78,0.46
2026-05-06,3034,聯詠,強勢20MA續強,423.0,441.5,2026-05-04,423.0,413.0,406.27,407.0,2.02,7.41,15.01,11.7,18.91,21.04,4.02
2026-06-17,3034,聯詠,強勢20MA續強,501.0,515.0,2026-06-15,501.0,491.5,486.38,492.0,1.22,5.13,11.98,7.98,-8.08,20.96,-9.98
2026-08-25,3034,聯詠,30MA回踩,535.0,555.0,2026-08-19,535.0,501.0,528.0,528.2,1.47,7.95,3.18,-0.19,2.24,5.98,-2.99
2026-06-22,3037,欣興,30MA回踩,961.0,1005.0,2026-06-15,961.0,920.0,965.0,979.3,1.2,6.73,1.56,-4.58,-14.15,16.02,-22.27
2026-05-14,3045,台灣大,30MA回踩,113.0,115.0,2026-05-13,113.0,109.5,109.5,111.6,1.66,3.63,0.44,-1.77,5.31,6.64,-2.65
2026-05-19,3045,台灣大,強勢20MA續強,115.5,116.5,2026-05-15,115.5,114.5,111.5,111.83,2.15,3.97,-4.33,0.0,4.33,5.19,-4.76
2026-05-07,3048,益登,強勢20MA續強,40.1,42.1,2026-05-05,40.1,38.8,38.2,38.41,2.68,7.7,27.18,69.08,69.08,104.24,2.37
2026-06-10,3056,富華新,30MA回踩,14.6,14.8,2026-06-08,14.6,13.4,13.4,13.67,1.99,7.96,4.11,0.68,1.71,7.19,-2.05
2026-06-11,3088,艾訊,強勢20MA續強,144.0,145.0,2026-06-10,144.0,139.0,135.5,137.45,1.8,4.88,0.69,-5.56,-3.12,4.51,-7.29
2026-06-18,3105,穩懋,30MA回踩,520.0,528.0,2026-06-17,520.0,481.0,481.0,512.48,1.33,5.22,-18.46,-20.96,-39.71,10.19,-41.83
2026-05-22,3152,璟德,30MA回踩,173.0,181.5,2026-05-18,173.0,161.5,167.5,170.8,1.28,7.41,15.61,3.47,20.23,36.42,-6.07
2026-05-28,3169,亞信,強勢20MA續強,118.0,121.5,2026-05-21,118.0,113.5,104.5,109.95,1.24,7.26,-2.97,-11.44,-10.59,4.66,-13.56
2026-05-07,3211,順達,30MA回踩,376.0,384.0,2026-05-06,376.0,355.5,355.5,370.48,1.28,5.5,-0.13,-6.12,20.74,30.98,-8.78
2026-07-02,3227,原相,30MA回踩,233.5,235.0,2026-06-29,233.5,215.5,212.0,224.42,1.73,4.09,-5.14,-23.77,-17.77,7.07,-25.27
2026-05-06,3231,緯創,強勢20MA續強,142.5,146.5,2026-05-05,142.5,139.0,136.0,137.47,1.68,5.68,-1.4,-7.02,36.14,41.05,-7.37
2026-09-04,3231,緯創,強勢20MA續強,196.0,198.0,2026-09-03,196.0,186.5,183.0,184.22,1.66,7.06,-5.36,-5.36,-5.36,2.3,-7.65
2026-05-29,3264,欣銓,強勢20MA續強,239.0,243.5,2026-05-27,239.0,226.5,221.0,222.9,2.08,7.21,-4.39,-4.81,-9.83,5.23,-14.44
2026-06-22,3264,欣銓,30MA回踩,232.5,242.0,2026-06-18,232.5,213.0,213.0,225.55,1.25,7.69,-7.31,10.54,-9.68,16.77,-16.34
2026-06-01,3290,東浦,30MA回踩,48.55,48.75,2026-05-28,48.55,47.35,47.35,47.77,1.73,2.1,1.24,28.73,36.77,54.07,-4.84
2026-06-09,3293,鈊象,30MA回踩,786.0,800.0,2026-06-08,786.0,740.0,740.0,754.6,1.24,6.73,-1.78,-3.69,-4.83,5.98,-6.87
2026-05-12,3312,弘憶股,強勢20MA續強,45.5,45.6,2026-05-11,45.5,42.7,41.05,42.08,1.21,7.62,-0.44,16.04,36.92,60.88,-1.32
2026-04-30,3356,奇偶,強勢20MA續強,53.1,54.0,2026-04-29,53.1,52.0,50.9,51.11,1.54,4.96,3.77,14.69,17.33,27.31,1.69
2026-07-08,3413,京鼎,30MA回踩,329.0,339.0,2026-07-03,329.0,319.5,318.22,319.5,1.32,6.66,16.11,3.65,-2.74,16.57,-15.05
2026-05-15,3479,安勤,強勢20MA續強,95.7,102.0,2026-05-04,95.7,92.0,90.77,96.0,1.78,7.56,31.14,41.07,38.98,51.52,5.02
2026-08-11,3515,華擎,30MA回踩,215.5,216.0,2026-08-10,215.5,204.5,204.5,208.37,2.78,3.93,0.46,2.55,2.78,10.21,-1.16
2026-09-02,3515,華擎,強勢20MA續強,226.5,228.5,2026-09-01,226.5,222.5,216.5,219.75,1.37,3.53,-0.44,-8.61,-8.61,3.75,-8.83
2026-05-12,3530,晶相光,強勢20MA續強,66.0,70.0,2026-04-29,66.0,62.6,62.31,65.1,2.08,7.47,-1.67,7.12,-6.82,9.55,-10.91
2026-05-11,3551,世禾,強勢20MA續強,212.5,218.0,2026-05-06,212.5,199.5,194.0,197.1,1.41,7.73,-3.29,-4.71,-11.29,10.35,-14.82
2026-07-09,3556,禾瑞亞,30MA回踩,74.1,75.9,2026-07-08,74.1,70.5,70.5,72.37,2.33,5.29,-13.9,-16.33,-13.9,4.05,-29.15
2026-04-30,3580,友威科,強勢20MA續強,84.9,85.9,2026-04-29,84.9,80.0,78.1,79.12,1.71,7.42,4.59,23.67,22.5,34.86,-0.35
2026-05-07,3592,瑞鼎,30MA回踩,241.5,242.5,2026-05-06,241.5,228.0,228.0,236.38,1.25,5.06,8.9,10.14,13.66,18.43,0.41
2026-06-22,3592,瑞鼎,30MA回踩,276.5,285.0,2026-06-17,276.5,268.5,273.5,274.73,1.89,5.85,-3.07,-0.36,-14.47,5.61,-18.99
2026-06-25,3596,智易,30MA回踩,192.0,195.0,2026-06-24,192.0,180.5,180.5,187.82,1.74,4.38,-0.26,1.04,-3.65,5.47,-11.2
2026-09-02,3630,新鉅科,30MA回踩,26.75,27.1,2026-09-01,26.75,26.0,25.9,26.0,2.8,4.41,-0.19,-2.43,-2.43,8.22,-2.8
2026-08-26,3680,家登,30MA回踩,464.0,488.0,2026-08-25,464.0,448.5,448.5,453.88,1.4,7.86,12.07,21.98,9.91,23.49,4.31
2026-05-06,3689,湧德,強勢20MA續強,137.5,142.0,2026-04-30,137.5,132.5,129.5,130.93,1.22,5.71,-11.27,-13.82,3.27,5.45,-16.73
2026-06-10,3703,欣陸,30MA回踩,21.25,21.8,2026-06-08,21.25,20.75,20.55,20.75,1.49,5.83,3.06,0.71,-3.06,5.18,-4.0
2026-05-05,3706,神達,30MA回踩,83.0,84.1,2026-05-04,83.0,81.5,81.5,82.04,1.49,4.24,3.49,-2.77,14.7,17.23,-6.27
2026-09-01,3706,神達,30MA回踩,92.2,95.7,2026-08-25,92.2,90.3,91.3,91.82,2.47,5.25,-0.98,-13.12,-13.12,3.36,-13.67
2026-06-18,3711,日月光投控,30MA回踩,595.0,613.0,2026-06-17,595.0,573.0,573.0,591.0,1.38,7.93,6.22,14.62,0.34,22.52,-3.03
2026-06-05,4105,東洋,30MA回踩,74.6,75.5,2026-06-02,74.6,73.2,74.1,74.39,1.84,1.81,-0.67,-1.21,4.83,6.17,-1.88
2026-06-30,4105,東洋,30MA回踩,74.6,75.7,2026-06-24,74.6,73.6,74.42,74.6,1.23,2.04,4.42,5.09,1.47,6.57,0.54
2026-07-01,4105,東洋,強勢20MA續強,76.8,77.6,2026-06-30,76.8,75.2,74.42,74.6,2.43,4.05,0.52,2.47,-1.82,3.52,-2.34
2026-07-03,4105,東洋,強勢20MA續強,77.6,77.9,2026-07-02,77.6,76.1,74.67,75.3,1.22,4.09,1.03,0.64,-3.48,2.45,-4.77
2026-07-06,4114,健喬,強勢20MA續強,32.0,32.65,2026-07-03,32.0,31.35,30.84,30.95,2.38,5.55,4.22,-7.19,-9.22,6.25,-10.16
2026-08-10,4123,晟德,30MA回踩,39.25,39.4,2026-08-07,39.25,38.65,38.35,38.65,1.5,2.56,-18.85,-17.58,-24.71,0.25,-24.84
2026-08-26,4142,國光生,30MA回踩,17.9,18.0,2026-08-25,17.9,17.6,17.2,17.6,1.58,4.52,-0.56,-0.84,-3.91,1.68,-3.91
2026-06-10,4162,智擎,30MA回踩,56.7,57.2,2026-06-08,56.7,53.4,53.4,55.52,2.37,2.7,0.0,4.06,13.76,17.28,-1.59
2026-06-29,4162,智擎,30MA回踩,57.8,59.5,2026-06-18,57.8,56.9,55.8,56.17,1.62,5.64,10.03,11.76,11.25,21.97,3.46
2026-06-10,4164,承業醫,30MA回踩,30.0,30.95,2026-06-08,30.0,28.3,28.3,28.83,1.67,7.11,2.33,0.5,-3.33,5.33,-6.0
2026-07-07,4166,友霖,強勢20MA續強,26.25,27.2,2026-07-06,26.25,25.5,25.17,25.2,1.95,7.24,1.52,-0.19,-4.57,6.29,-7.81
2026-07-06,4167,松瑞藥,強勢20MA續強,21.0,21.2,2026-07-03,21.0,20.15,19.95,20.05,1.86,6.15,-1.9,-0.48,-14.52,6.19,-21.43
2026-05-26,4510,高鋒,強勢20MA續強,49.9,51.9,2026-05-22,49.9,48.0,46.65,47.47,2.43,7.88,7.41,-5.91,-11.82,13.23,-13.83
2026-05-18,4526,東台,強勢20MA續強,37.8,38.35,2026-05-15,37.8,35.85,35.2,35.35,1.36,7.89,6.75,13.23,1.98,22.49,-4.23
2026-09-07,4526,東台,30MA回踩,31.65,32.35,2026-09-02,31.65,30.15,30.15,30.48,2.35,7.68,-4.27,-4.27,-4.27,5.69,-4.58
2026-06-01,4532,瑞智,30MA回踩,24.1,24.3,2026-05-29,24.1,23.4,23.4,23.43,2.0,3.77,0.41,1.87,16.8,17.43,-2.7
2026-05-22,4533,協易機,30MA回踩,32.25,33.4,2026-05-20,32.25,30.85,30.85,31.31,1.74,6.69,-0.31,-3.88,-6.05,9.3,-13.18
2026-05-25,4533,協易機,強勢20MA續強,33.7,33.75,2026-05-22,33.7,32.4,30.85,31.31,2.12,7.13,-2.97,-13.5,-12.91,4.6,-16.91
2026-07-22,4566,時碩工業,30MA回踩,66.6,68.4,2026-07-20,66.6,60.8,60.8,64.4,1.82,6.51,4.65,5.71,5.11,20.12,-5.71
2026-09-09,4590,富田-創,30MA回踩,90.9,93.4,2026-09-01,90.9,87.8,88.5,88.75,2.6,7.68,-1.1,-1.1,-1.1,3.85,-1.1
2026-05-11,4721,美琪瑪,強勢20MA續強,94.9,95.1,2026-05-06,94.9,88.5,84.5,85.27,1.61,7.89,-6.85,-4.21,-8.01,3.27,-15.91
2026-05-05,4743,合一,強勢20MA續強,55.6,56.7,2026-05-04,55.6,54.0,51.4,53.17,2.1,6.42,-8.27,-10.07,-7.91,6.12,-11.87
2026-07-07,4746,台耀,強勢20MA續強,55.1,56.1,2026-07-03,55.1,53.1,52.4,52.6,1.96,6.5,-2.18,-5.44,-3.99,2.54,-11.98
2026-06-23,4763,材料*-KY,強勢20MA續強,45.2,46.65,2026-06-12,45.2,44.3,42.78,42.95,2.16,6.89,4.87,8.85,11.28,18.36,-5.97
2026-07-22,4763,材料*-KY,30MA回踩,49.35,50.3,2026-07-20,49.35,45.1,45.1,47.56,1.64,7.52,-4.76,-1.82,2.74,11.45,-6.99
2026-08-12,4763,材料*-KY,強勢20MA續強,51.7,52.6,2026-08-07,51.7,49.5,48.1,48.45,1.94,7.0,-1.93,-9.86,-6.58,2.71,-14.31
2026-05-07,4766,南寶,強勢20MA續強,358.5,371.0,2026-04-29,358.5,346.0,340.5,340.62,1.27,4.87,8.79,3.77,4.32,11.02,-1.67
2026-05-14,4766,南寶,強勢20MA續強,386.0,390.0,2026-05-13,386.0,367.0,352.5,359.88,2.23,7.76,-3.63,-7.77,-5.57,1.04,-14.51
2026-06-03,4904,遠傳,強勢20MA續強,99.6,100.5,2026-06-02,99.6,97.0,94.6,96.02,1.23,4.37,6.93,9.94,3.41,13.96,0.1
2026-06-23,4934,太極,30MA回踩,17.6,17.95,2026-06-17,17.6,17.1,17.1,17.26,1.74,4.64,4.55,-4.26,-10.23,8.52,-14.77
2026-08-12,4938,和碩,30MA回踩,89.7,91.4,2026-08-10,89.7,87.1,84.7,85.76,1.22,7.73,-0.33,-0.45,1.56,12.04,-2.68
2026-09-04,4938,和碩,30MA回踩,91.9,95.4,2026-08-31,91.9,87.7,89.9,90.67,1.35,7.17,-0.98,-0.98,-0.98,4.03,-2.5
2026-06-22,4961,天鈺,30MA回踩,172.5,177.5,2026-06-17,172.5,165.0,165.0,170.37,1.56,3.77,-4.35,2.61,-6.38,8.7,-15.07
2026-09-02,4961,天鈺,30MA回踩,168.5,169.5,2026-09-01,168.5,160.0,160.0,166.72,1.85,4.25,5.04,0.89,0.89,6.23,-2.67
2026-08-24,4967,十銓,強勢20MA續強,277.0,278.0,2026-08-21,277.0,264.0,248.0,256.38,2.09,7.29,-0.36,0.18,1.26,3.79,-3.97
2026-05-14,4976,佳凌,30MA回踩,29.55,31.25,2026-05-05,29.55,28.7,28.8,29.64,2.24,7.17,11.51,4.06,11.17,30.8,2.54
2026-05-29,5210,寶碩,強勢20MA續強,27.45,29.0,2026-05-27,27.45,26.7,25.8,26.35,2.24,7.55,8.93,9.29,6.92,21.13,-1.82
2026-06-25,5434,崇越,強勢20MA續強,485.0,505.0,2026-06-18,485.0,472.5,463.07,463.5,1.42,7.86,11.55,4.95,13.81,24.12,1.03
2026-06-22,5469,瀚宇博,強勢20MA續強,87.6,90.6,2026-06-18,87.6,86.0,84.45,84.6,2.97,6.8,1.94,0.46,-19.52,7.31,-25.34
2026-05-07,5490,同亨,30MA回踩,28.0,28.5,2026-05-05,28.0,26.9,26.9,27.14,2.05,5.11,0.36,2.5,5.89,12.14,-0.54
2026-05-25,5490,同亨,強勢20MA續強,29.05,29.7,2026-05-21,29.05,28.45,27.76,27.85,1.7,5.75,0.69,-2.75,-2.93,8.09,-6.2
2026-06-03,5490,同亨,30MA回踩,29.45,30.45,2026-06-01,29.45,28.45,28.75,28.79,2.04,7.84,-2.89,-0.51,-5.94,3.4,-7.47
2026-05-15,5493,三聯,強勢20MA續強,92.5,95.1,2026-05-13,92.5,90.2,85.5,87.22,1.98,7.62,0.97,-3.78,1.3,16.22,-6.38
2026-06-11,5515,建國,強勢20MA續強,43.4,43.5,2026-06-10,43.4,41.8,40.55,40.76,1.67,6.4,-3.23,-6.8,-3.8,3.34,-11.87
2026-05-28,5522,遠雄,30MA回踩,71.2,72.0,2026-05-26,71.2,69.2,70.3,70.37,1.47,2.76,4.49,12.36,-9.97,17.84,-10.96
2026-06-01,5522,遠雄,強勢20MA續強,72.7,74.2,2026-05-29,72.7,71.5,70.57,70.8,1.51,4.79,2.06,6.88,-11.14,15.41,-12.79
2026-06-09,5522,遠雄,30MA回踩,71.2,76.0,2026-05-26,71.2,69.2,72.38,72.5,1.54,6.35,7.02,0.42,-10.11,17.84,-11.24
2026-06-01,5607,遠雄港,強勢20MA續強,50.6,51.8,2026-05-29,50.6,49.7,49.0,49.12,2.23,4.91,3.56,3.16,0.79,8.1,-1.38
2026-06-10,5607,遠雄港,30MA回踩,50.3,53.5,2026-05-28,50.3,49.0,50.5,50.53,1.98,7.3,2.98,1.19,2.19,8.35,-0.89
2026-08-17,5608,四維航,30MA回踩,14.2,14.5,2026-08-14,14.2,13.85,13.85,13.86,1.87,4.71,26.76,19.37,17.96,37.32,2.46
2026-05-25,5864,致和證,強勢20MA續強,32.35,33.75,2026-05-21,32.35,31.45,29.5,30.62,1.23,7.6,34.16,49.15,54.1,65.69,3.4
2026-05-19,5876,上海商銀,30MA回踩,40.4,40.55,2026-05-18,40.4,39.8,39.51,39.8,1.63,2.54,-2.35,1.49,5.45,7.67,-4.33
2026-06-02,5876,上海商銀,30MA回踩,39.75,41.0,2026-05-29,39.75,38.8,39.2,39.76,1.74,3.54,7.3,7.17,6.67,9.43,0.25
2026-07-13,5876,上海商銀,30MA回踩,42.6,44.15,2026-07-07,42.6,41.7,42.3,42.39,2.01,5.32,6.92,10.33,1.76,10.56,0.7
2026-07-14,5876,上海商銀,強勢20MA續強,44.4,44.7,2026-07-13,44.4,43.15,42.3,42.39,1.29,5.17,2.82,-1.13,-2.93,6.08,-3.83
2026-05-08,6005,群益證,強勢20MA續強,30.25,30.55,2026-05-05,30.25,29.05,28.2,28.29,1.4,6.86,3.31,5.45,48.93,50.58,-0.17
2026-09-09,6015,宏遠證,強勢20MA續強,16.75,17.45,2026-09-01,16.75,16.35,15.8,15.83,2.07,7.25,1.19,1.19,1.19,3.88,0.0
2026-07-01,6023,元大期,30MA回踩,100.0,100.5,2026-06-29,100.0,99.6,98.8,99.88,2.78,1.02,6.5,6.0,-14.0,9.0,-16.0
2026-06-03,6024,群益期,強勢20MA續強,58.5,60.0,2026-06-02,58.5,57.7,57.02,57.5,2.72,5.0,3.59,6.5,5.47,7.86,-0.34
2026-07-08,6024,群益期,30MA回踩,61.7,64.4,2026-07-02,61.7,60.7,61.7,61.72,2.62,5.88,5.67,4.21,-3.89,6.0,-7.62
2026-04-30,6026,福邦證,強勢20MA續強,15.3,15.35,2026-04-29,15.3,15.05,14.75,14.82,1.26,3.3,9.8,0.65,10.13,11.11,-2.61
2026-05-29,6026,福邦證,強勢20MA續強,16.8,16.85,2026-05-28,16.8,16.2,15.78,15.8,1.71,6.26,13.99,2.68,-1.79,16.37,-3.27
2026-06-18,6104,創惟,30MA回踩,101.0,103.5,2026-06-17,101.0,97.5,100.5,100.94,1.46,3.22,-4.46,3.96,-11.39,9.9,-15.94
2026-05-15,6111,光聚晶電,30MA回踩,48.4,48.75,2026-05-14,48.4,47.3,47.3,47.43,2.13,5.15,-1.65,-6.61,-7.23,1.65,-14.67
2026-05-29,6121,新普,強勢20MA續強,382.5,393.0,2026-05-21,382.5,376.5,373.17,385.0,1.24,3.78,10.46,7.58,9.28,13.99,1.57
2026-06-03,6152,百一,30MA回踩,15.5,15.8,2026-06-02,15.5,14.8,14.8,15.2,1.64,6.42,-5.16,-6.13,-14.52,1.94,-16.13
2026-05-18,6155,鈞寶,30MA回踩,50.3,52.0,2026-05-06,50.3,45.6,48.85,48.89,1.21,7.81,21.67,37.18,79.32,79.32,-2.19
2026-08-07,6177,達麗,30MA回踩,47.8,48.8,2026-08-05,47.8,47.1,47.25,47.55,1.71,4.13,-0.1,-0.63,2.93,5.23,-3.77
2026-08-18,6177,達麗,30MA回踩,48.7,49.1,2026-08-17,48.7,47.3,47.3,47.94,1.89,3.44,-1.33,-2.36,-2.46,3.29,-5.54
2026-07-09,6179,亞通,強勢20MA續強,26.85,27.95,2026-07-01,26.85,25.5,25.12,25.15,1.51,6.97,-7.64,-8.01,0.74,6.89,-16.57
2026-08-26,6179,亞通,30MA回踩,27.6,27.95,2026-08-21,27.6,26.5,26.11,26.5,1.56,7.19,7.79,31.88,29.53,43.12,0.0
2026-05-19,6189,豐藝,30MA回踩,48.5,48.55,2026-05-14,48.5,46.95,47.25,48.08,1.23,2.16,6.8,5.36,16.7,24.74,0.82
2026-06-12,6189,豐藝,30MA回踩,51.3,54.1,2026-06-02,51.3,49.7,51.7,51.89,1.98,6.65,6.43,-4.0,-5.07,17.93,-6.43
2026-07-01,6196,帆宣,強勢20MA續強,565.0,571.0,2026-06-30,565.0,544.0,528.0,531.77,1.33,6.83,-3.36,4.42,-22.83,7.43,-24.42
2026-09-09,6196,帆宣,30MA回踩,522.0,534.0,2026-09-08,522.0,499.0,499.0,501.62,2.69,7.16,-2.11,-2.11,-2.11,3.07,-3.07
2026-09-01,6197,佳必琪,強勢20MA續強,314.0,317.0,2026-08-28,314.0,309.5,300.0,301.78,1.37,4.31,-4.3,-4.46,-4.46,6.21,-6.21
2026-09-04,6207,雷科,30MA回踩,110.5,111.0,2026-09-01,110.5,105.0,104.5,106.53,2.28,6.64,1.36,1.36,1.36,11.31,-1.36
2026-09-09,6207,雷科,強勢20MA續強,115.0,116.0,2026-09-07,115.0,110.0,106.5,106.8,1.75,7.91,-2.61,-2.61,-2.61,0.87,-5.22
2026-05-22,6214,精誠,強勢20MA續強,127.5,130.0,2026-05-21,127.5,125.0,123.0,123.25,2.02,5.09,2.75,13.33,10.59,27.06,-0.39
2026-05-07,6227,茂綸,強勢20MA續強,95.9,101.0,2026-05-05,95.9,94.2,92.0,93.01,2.32,7.64,18.35,21.48,40.25,49.11,1.67
2026-06-18,6239,力成,強勢20MA續強,363.0,363.5,2026-06-17,363.0,340.0,321.0,332.52,1.79,7.6,-13.5,-6.89,-26.58,3.99,-26.86
2026-05-22,6245,立端,強勢20MA續強,87.5,88.0,2026-05-21,87.5,82.8,80.8,81.59,1.81,7.51,-0.34,-0.34,-6.17,7.77,-9.14
2026-06-23,6257,矽格,30MA回踩,235.0,237.0,2026-06-18,235.0,216.5,216.5,222.07,1.25,7.69,0.85,2.98,-4.89,18.94,-15.74
2026-09-10,6257,矽格,強勢20MA續強,215.5,217.0,2026-09-09,215.5,210.0,207.55,208.0,2.43,4.45,-1.86,-1.86,-1.86,-1.16,-2.78
2026-05-04,6269,台郡,30MA回踩,66.0,67.9,2026-04-30,66.0,63.0,63.0,64.57,1.68,7.6,-12.12,-15.15,4.7,5.3,-16.97
2026-06-01,6270,倍微,30MA回踩,27.85,28.15,2026-05-28,27.85,26.65,26.65,27.01,2.01,3.55,28.73,27.47,39.86,67.15,0.36
2026-06-15,6271,同欣電,強勢20MA續強,238.5,244.0,2026-06-12,238.5,237.0,223.0,230.1,1.61,4.7,2.52,11.95,-6.08,26.62,-10.9
2026-06-09,6279,胡連,30MA回踩,119.5,123.5,2026-06-02,119.5,116.5,115.0,118.67,1.33,5.56,-1.26,0.42,3.77,8.37,-3.77
2026-06-01,6414,樺漢,強勢20MA續強,353.5,375.5,2026-05-22,353.5,347.0,334.27,350.0,1.25,7.59,5.23,7.92,4.53,16.55,-0.14
2026-05-21,6425,易發,30MA回踩,89.4,90.2,2026-05-11,89.4,81.3,84.3,85.88,1.27,7.49,6.26,-5.82,-10.96,21.92,-17.34
2026-05-15,6462,神盾,強勢20MA續強,132.5,134.0,2026-05-12,132.5,127.5,122.0,123.6,1.5,5.51,9.06,-5.66,-16.6,21.13,-21.13
2026-05-28,6494,九齊,強勢20MA續強,58.8,59.0,2026-05-22,58.8,56.8,54.85,57.0,2.37,6.48,-1.87,-3.91,6.97,22.96,-13.44
2026-06-18,6505,台塑化,30MA回踩,53.0,53.5,2026-06-17,53.0,51.6,51.6,52.5,1.42,2.12,0.94,11.13,46.6,59.06,-3.77
2026-06-25,6505,台塑化,30MA回踩,55.3,55.9,2026-06-24,55.3,51.0,51.0,53.36,1.86,6.42,4.16,6.33,55.15,77.03,-4.16
2026-08-18,6547,高端疫苗,強勢20MA續強,52.1,52.2,2026-08-05,52.1,50.6,46.45,46.99,1.38,6.52,8.06,17.66,12.86,38.58,-1.34
2026-05-11,6558,興能高,30MA回踩,29.8,30.2,2026-05-06,29.8,28.65,28.65,29.67,1.73,3.87,1.85,11.58,8.89,18.12,-3.69
2026-08-05,6603,富強鑫,強勢20MA續強,26.5,26.75,2026-08-03,26.5,25.65,25.2,25.21,1.85,6.08,4.53,2.26,-3.4,15.09,-5.66
2026-08-10,6603,富強鑫,30MA回踩,26.7,26.85,2026-07-30,26.7,24.6,25.0,25.32,1.72,6.42,12.17,-1.12,-7.12,14.23,-7.87
2026-09-03,6664,群翊,30MA回踩,357.0,363.0,2026-08-31,357.0,342.5,349.73,351.0,2.62,4.72,-2.94,-5.88,-5.88,3.64,-6.44
2026-06-15,6667,信紘科,30MA回踩,277.0,278.0,2026-06-04,277.0,267.0,267.0,267.2,1.37,5.2,-0.36,-3.25,-6.68,6.14,-12.82
2026-06-22,6667,信紘科,強勢20MA續強,284.0,292.0,2026-06-15,284.0,275.5,267.0,267.2,2.17,7.03,-8.27,-5.11,-15.14,0.35,-19.19
2026-05-18,6668,中揚光,強勢20MA續強,38.65,39.25,2026-05-15,38.65,37.3,36.3,36.48,1.97,7.5,6.21,4.27,3.1,9.83,-9.18
2026-06-15,6670,復盛應用,強勢20MA續強,281.5,286.0,2026-06-09,281.5,271.5,264.0,266.35,1.92,5.76,1.95,-9.24,-6.75,8.17,-14.21
2026-05-28,6672,騰輝電子-KY,強勢20MA續強,214.0,215.0,2026-05-26,214.0,205.5,200.0,202.38,1.5,5.95,3.74,-0.23,36.45,45.56,-7.71
2026-09-08,6672,騰輝電子-KY,強勢20MA續強,289.0,294.0,2026-09-04,289.0,278.0,271.0,273.77,1.42,5.75,1.04,1.04,1.04,8.65,0.69
2026-06-05,6693,廣閎科,強勢20MA續強,155.5,158.0,2026-06-03,155.5,150.0,148.0,148.32,1.78,5.95,8.68,52.09,77.81,77.81,-7.72
2026-07-01,6743,安普新,30MA回踩,31.55,32.0,2026-06-26,31.55,29.05,29.05,29.73,2.79,7.92,-2.54,-3.96,-6.18,4.6,-7.77
2026-05-29,6757,台灣虎航,強勢20MA續強,54.4,56.7,2026-05-21,54.4,52.9,51.76,54.5,1.33,5.94,0.0,4.04,12.68,23.71,-5.7
2026-06-15,6757,台灣虎航,強勢20MA續強,57.2,58.5,2026-06-12,57.2,55.8,53.3,54.52,1.28,6.61,7.17,8.92,2.45,17.66,-2.62
2026-06-03,6869,雲豹能源,30MA回踩,86.0,87.0,2026-05-29,86.0,83.2,82.4,83.87,1.85,4.06,-4.65,-9.65,-20.23,6.16,-20.35
2026-05-08,7402,邑錡,30MA回踩,123.5,125.5,2026-05-07,123.5,120.5,121.5,123.17,1.69,2.91,-18.22,-21.7,-20.16,-1.62,-25.02
2026-06-12,7721,微程式,30MA回踩,76.5,81.8,2026-06-04,76.5,74.2,70.9,76.25,1.92,6.87,0.65,-9.67,-10.72,12.03,-15.03
2026-06-15,7721,微程式,強勢20MA續強,81.8,82.3,2026-06-09,81.8,75.3,70.9,76.25,1.57,6.89,-10.76,-12.47,-16.87,3.3,-20.54
2026-06-22,8016,矽創,強勢20MA續強,305.0,315.0,2026-06-18,305.0,298.0,277.5,294.65,1.8,6.49,3.93,8.85,-5.57,23.44,-12.3
2026-05-18,8044,網家,30MA回踩,24.3,24.45,2026-05-14,24.3,23.15,23.5,23.58,1.86,4.63,15.64,19.34,20.16,39.51,1.44
2026-06-12,8048,德勝,30MA回踩,64.8,66.9,2026-06-09,64.8,60.4,61.0,62.66,2.55,7.07,3.09,-4.48,-6.94,7.72,-10.19
2026-06-24,8072,陞泰,強勢20MA續強,29.9,30.85,2026-06-18,29.9,29.05,28.4,28.63,2.27,6.13,-2.34,-3.51,-9.03,4.18,-11.71
2026-07-06,8081,致新,強勢20MA續強,321.5,324.0,2026-07-03,321.5,311.0,280.0,299.18,1.95,7.52,-17.88,-23.17,-21.0,2.33,-28.77
2026-05-11,8096,擎亞,30MA回踩,96.9,98.3,2026-05-08,96.9,91.2,91.2,93.72,1.69,5.25,8.36,28.48,23.32,49.64,-4.85
2026-09-01,8150,南茂,30MA回踩,89.8,93.2,2026-08-31,89.8,86.6,86.6,88.09,1.37,6.23,0.56,-3.45,-3.45,6.24,-4.79
2026-05-12,8163,達方,強勢20MA續強,28.8,29.6,2026-05-07,28.8,28.15,27.55,27.67,1.25,5.63,14.06,27.6,48.96,51.04,1.74
2026-05-27,8213,志超,強勢20MA續強,39.9,40.65,2026-05-25,39.9,38.5,37.89,37.9,1.74,6.5,-3.63,-12.28,-7.64,3.26,-15.66
2026-06-02,8271,宇瞻,強勢20MA續強,256.0,257.5,2026-06-01,256.0,245.5,238.5,239.5,2.24,7.39,-15.23,-19.53,-29.69,1.95,-29.69
2026-07-06,8383,千附,30MA回踩,64.5,65.0,2026-06-24,64.5,59.4,60.1,60.3,1.61,6.48,30.54,31.01,8.37,47.29,-5.43
2026-05-15,8415,大國鋼,30MA回踩,35.1,35.35,2026-05-14,35.1,34.35,34.03,34.35,2.74,3.72,1.99,-2.28,0.85,4.13,-2.71
2026-05-19,8415,大國鋼,強勢20MA續強,34.8,35.9,2026-05-04,34.8,33.95,34.03,34.35,1.48,4.78,0.29,0.0,1.29,5.03,-1.87
2026-07-22,8415,大國鋼,30MA回踩,36.5,37.4,2026-07-20,36.5,35.75,35.16,35.75,1.62,5.95,4.93,1.64,4.11,7.95,-0.68
2026-08-26,8436,大江,強勢20MA續強,126.0,126.5,2026-08-18,126.0,122.0,118.25,123.5,1.28,4.63,-9.52,-14.29,-15.48,1.19,-15.87
2026-08-26,8932,智通*,30MA回踩,113.0,115.0,2026-08-25,113.0,105.0,105.0,106.87,2.03,7.99,-19.65,-17.35,-19.82,2.21,-21.68
2026-05-29,8936,國統,30MA回踩,52.3,52.4,2026-05-28,52.3,49.95,49.95,50.77,2.34,3.62,20.08,7.07,14.53,20.46,-1.53
2026-06-03,8936,國統,強勢20MA續強,53.4,54.7,2026-05-29,53.4,51.7,49.95,50.77,1.83,7.34,2.81,3.18,9.74,22.1,0.94
2026-06-10,9802,鈺齊-KY,30MA回踩,79.0,80.9,2026-06-08,79.0,74.9,74.9,77.48,1.2,3.84,-1.77,-5.7,-5.06,3.92,-8.86
2026-06-09,9904,寶成,30MA回踩,26.05,26.5,2026-06-08,26.05,25.55,25.55,25.92,1.38,2.43,0.58,-0.38,-6.72,3.26,-8.64
2026-06-12,9917,中保科,30MA回踩,117.5,122.0,2026-06-08,117.5,115.0,113.53,115.0,2.94,6.67,-0.85,-9.79,-9.36,4.68,-10.64
2026-06-11,9921,巨大,30MA回踩,71.4,75.7,2026-06-04,71.4,68.6,70.4,70.68,1.99,7.48,3.78,7.14,11.9,12.04,1.82
2026-05-20,9933,中鼎,30MA回踩,37.25,38.75,2026-04-29,37.25,36.4,36.7,37.05,1.7,5.12,5.64,14.63,15.57,17.05,4.03
2026-05-21,9933,中鼎,強勢20MA續強,38.8,39.6,2026-05-20,38.8,37.45,36.7,37.05,1.74,6.52,0.26,8.63,9.92,12.89,-0.13
2026-07-16,9938,百和,30MA回踩,46.3,46.6,2026-07-07,46.3,44.8,44.73,44.8,1.25,3.29,1.3,-2.16,-8.96,3.46,-9.83
2026-06-03,9939,宏全,30MA回踩,124.5,126.5,2026-06-01,124.5,122.0,122.0,122.25,1.27,6.2,4.82,7.63,-5.22,9.24,-6.83
2026-06-15,9939,宏全,強勢20MA續強,133.0,133.5,2026-06-10,133.0,127.5,124.9,125.0,1.21,5.6,-1.13,-3.38,-6.02,1.88,-12.78
2026-08-07,9941,裕融,30MA回踩,82.4,84.3,2026-08-05,82.4,81.2,81.2,82.25,2.02,3.03,2.43,3.64,-1.33,6.43,-4.0
2026-08-13,9941,裕融,強勢20MA續強,86.0,86.1,2026-08-11,86.0,84.8,82.65,83.0,1.42,3.87,-0.7,1.28,-6.63,1.98,-8.02
2026-08-25,9941,裕融,強勢20MA續強,85.9,86.8,2026-08-20,85.9,84.9,83.44,83.5,1.6,3.3,-6.87,-5.7,-6.52,2.1,-7.92
