signal_date,code,name,breakout_date,pattern_key,group,confluence,confluence_categories,confluence_evidence,pivot,stop_price,days_since_breakout,pivot_touches,breakout_volume_ratio_5d,retest_volume_ratio_to_breakout,retest_precision_pct,close_extension_pct,retest_close_location,retest_body_pct,return_3d_unrestricted,exit_3d_unrestricted,exit_reason_3d_unrestricted,return_5d_unrestricted,exit_5d_unrestricted,exit_reason_5d_unrestricted,return_3d_cap_5pct,exit_3d_cap_5pct,exit_reason_3d_cap_5pct,return_5d_cap_5pct,exit_5d_cap_5pct,exit_reason_5d_cap_5pct,return_3d_cap_2pct,exit_3d_cap_2pct,exit_reason_3d_cap_2pct,return_5d_cap_2pct,exit_5d_cap_2pct,exit_reason_5d_cap_2pct,return_3d_cap_1pct,exit_3d_cap_1pct,exit_reason_3d_cap_1pct,return_5d_cap_1pct,exit_5d_cap_1pct,exit_reason_5d_cap_1pct
2026-07-15,1210,大成,2026-07-02,1210|2026-07-02|56.0,B,True,2,結構：突破K實體下緣55.80；均線：20MA 56.33、30MA 55.74,56.0,55.44,8,30,2.533121836975189,0.21,1.96,3.57,1.0,1.5761821366024442,-0.012959930037964473,57.6423,持有3日,-0.0249344196215594,56.943,持有5日,-0.012959930037964473,57.6423,持有3日,-0.0249344196215594,56.943,持有5日,,,,,,,,,,,,
2026-07-21,1231,聯華食,2026-07-16,1231|2026-07-16|91.3,B,True,1,均線：5MA 90.70,91.3,90.39,3,12,2.408733962585391,0.38,0.77,0.99,0.6666666666666686,1.7660044150110465,-0.030460253579208785,90.2996,停損,-0.030460253579208785,90.2996,停損,-0.030460253579208785,90.2996,停損,-0.030460253579208785,90.2996,停損,-0.030460253579208785,90.2996,停損,-0.030460253579208785,90.2996,停損,,,,,,
2026-07-24,1232,大統益,2026-07-16,1232|2026-07-16|154.0,B,True,1,結構：突破K實體下緣154.00,154.0,152.46,6,20,3.016182040435362,0.15,1.3,0.0,1.0,1.3157894736842035,-0.017749725871402333,152.3075,停損,-0.017749725871402333,152.3075,停損,-0.017749725871402333,152.3075,停損,-0.017749725871402333,152.3075,停損,-0.017749725871402333,152.3075,停損,-0.017749725871402333,152.3075,停損,-0.017749725871402333,152.3075,停損,-0.017749725871402333,152.3075,停損
2026-07-15,1708,東鹼,2026-07-02,1708|2026-07-02|55.9,C,False,0,僅原突破樞紐,55.9,55.34,8,4,1.6314246815261388,0.3,1.07,1.43,0.11111111111111287,-2.072538860103623,-0.04245879106401795,55.2447,停損,-0.04245879106401795,55.2447,停損,-0.04245879106401795,55.2447,停損,-0.04245879106401795,55.2447,停損,,,,,,,,,,,,
2026-07-20,1709,和益,2026-07-13,1709|2026-07-13|25.45,B,True,1,結構：突破跳空缺口上緣25.70,25.45,25.2,5,4,4.155130998740654,0.23,0.39,2.95,0.44827586206896475,1.5503875968992276,0.022237812071390195,27.1728,持有3日,-0.024740028556890614,25.924,持有5日,0.022237812071390195,27.1728,持有3日,-0.024740028556890614,25.924,持有5日,,,,,,,,,,,,
2026-08-27,1808,潤隆,2026-08-21,1808|2026-08-21|34.5,B,True,2,結構：突破K實體下緣34.65；均線：10MA 34.69,34.5,34.16,4,4,5.270390543203248,0.22,1.59,4.2,0.750000000000003,1.9858156028368823,-0.055916564974736405,34.1258,停損,-0.055916564974736405,34.1258,停損,-0.055916564974736405,34.1258,停損,-0.055916564974736405,34.1258,停損,,,,,,,,,,,,
2026-09-08,1808,潤隆,2026-08-20,1808|2026-08-20|33.85,B,True,2,結構：突破K實體下緣33.60；均線：30MA 33.90,33.85,33.51,13,13,2.5116409704546716,0.44,0.74,2.95,0.75,1.751824817518255,-0.013554828407299824,34.4156,持有3日,-0.040470894047275,33.4765,停損,-0.013554828407299824,34.4156,持有3日,-0.040470894047275,33.4765,停損,,,,,,,,,,,,
2026-07-20,1810,和成,2026-07-14,1810|2026-07-14|26.5,B,True,2,結構：突破跳空缺口上緣26.65；均線：10MA 26.65,26.5,26.23,4,2,2.1569997364158287,0.8,0.0,6.6,0.5223880597014923,4.629629629629628,0.08961745777252417,30.7192,持有3日,-0.07054744984151828,26.2038,停損,,,,,,,,,,,,,,,,,,
2026-07-30,1810,和成,2026-07-03,1810|2026-07-03|23.0,C,False,0,僅原突破樞紐,23.0,22.77,18,2,5.158590256515492,0.44,0.43,2.17,0.24242424242424176,0.6423982869379063,-0.0018148423302896122,24.8751,持有3日,-0.017849945264742706,24.4755,持有5日,,,,,,,,,,,,,,,,,,
2026-09-11,1815,富喬,2026-08-28,1815|2026-08-28|119.0,B,True,2,結構：突破K實體下緣118.50；均線：20MA 117.74,119.0,117.81,10,4,1.5747104881792549,0.35,2.52,7.14,0.7857142857142857,2.0000000000000018,-0.07231918554521344,117.6922,停損,-0.07231918554521344,117.6922,停損,,,,,,,,,,,,,,,,,,
2026-08-19,1904,正隆,2026-08-12,1904|2026-08-12|24.7,B,True,2,結構：突破K實體下緣24.70；均線：5MA 24.64,24.7,24.45,5,3,1.5187958776501933,0.48,1.62,0.2,0.4499999999999993,0.8146639511201537,0.030178582551783517,25.7243,持有3日,0.014175808453891658,25.3247,持有5日,0.030178582551783517,25.7243,持有3日,0.014175808453891658,25.3247,持有5日,0.030178582551783517,25.7243,持有3日,0.014175808453891658,25.3247,持有5日,0.030178582551783517,25.7243,持有3日,0.014175808453891658,25.3247,持有5日
2026-08-21,1909,榮成,2026-08-17,1909|2026-08-17|11.15,B,True,1,均線：5MA 11.22,11.15,11.04,4,4,3.4807508190622904,0.22,1.35,0.45,1.0,0.9009009009008917,-0.02200189156027066,11.029,停損,-0.02200189156027066,11.029,停損,-0.02200189156027066,11.029,停損,-0.02200189156027066,11.029,停損,-0.02200189156027066,11.029,停損,-0.02200189156027066,11.029,停損,-0.02200189156027066,11.029,停損,-0.02200189156027066,11.029,停損
2026-08-13,2006,東和鋼鐵,2026-08-06,2006|2026-08-06|82.9,B,True,1,均線：10MA 83.12,82.9,82.07,5,3,1.6856894517730496,0.24,0.24,3.02,0.9583333333333358,1.7878426698450633,-0.04539794193122304,81.9879,停損,-0.04539794193122304,81.9879,停損,-0.04539794193122304,81.9879,停損,-0.04539794193122304,81.9879,停損,,,,,,,,,,,,
2026-08-12,2027,大成鋼,2026-08-06,2027|2026-08-06|45.5,B,True,1,均線：10MA 45.33,45.5,45.05,4,15,2.190692252212259,0.26,1.54,2.97,0.46428571428571375,0.8611410118406937,0.022857725844629417,49.95,持有3日,0.022857725844629417,49.95,持有5日,,,,,,,,,,,,,,,,,,
2026-08-18,2027,大成鋼,2026-08-13,2027|2026-08-13|47.8,B,True,2,結構：突破K實體下緣48.50、突破跳空缺口上緣48.00；均線：10MA 47.54,47.8,47.32,3,5,2.9321018666107563,0.27,2.09,3.97,0.6428571428571443,0.8113590263691739,0.023717975419185855,50.2497,持有3日,0.029823649228843063,50.5494,持有5日,0.023717975419185855,50.2497,持有3日,0.029823649228843063,50.5494,持有5日,0.023717975419185855,50.2497,持有3日,0.029823649228843063,50.5494,持有5日,,,,,,
2026-08-18,2030,彰源,2026-08-10,2030|2026-08-10|20.2,B,True,2,結構：突破K實體下緣20.45、突破跳空缺口上緣20.15；均線：10MA 20.08,20.2,20.0,6,4,9.045699375004949,0.35,2.48,3.22,0.25000000000000294,-0.7142857142857117,0.0714496594549725,22.2777,持有3日,0.1363132038614394,23.6263,持有5日,0.0714496594549725,22.2777,持有3日,0.1363132038614394,23.6263,持有5日,,,,,,,,,,,,
2026-08-13,2031,新光鋼,2026-08-10,2031|2026-08-10|45.0,C,False,0,僅原突破樞紐,45.0,44.55,3,2,2.438346053841117,0.27,1.0,2.11,0.4761904761904775,0.3275109170305823,-0.039102992700285055,44.5054,停損,-0.039102992700285055,44.5054,停損,-0.039102992700285055,44.5054,停損,-0.039102992700285055,44.5054,停損,,,,,,,,,,,,
2026-08-17,2031,新光鋼,2026-08-07,2031|2026-08-07|43.75,B,True,1,均線：10MA 43.54,43.75,43.31,6,3,8.674353862772135,0.17,0.8,0.91,0.48387096774193417,1.7281105990783363,0.032531532811092,46.0039,持有3日,0.03365263110947536,46.0539,持有5日,0.032531532811092,46.0039,持有3日,0.03365263110947536,46.0539,持有5日,0.032531532811092,46.0039,持有3日,0.03365263110947536,46.0539,持有5日,,,,,,
2026-09-02,2033,佳大,2026-08-28,2033|2026-08-28|24.25,C,False,0,僅原突破樞紐,24.25,24.01,3,5,5.334386496341591,0.2,1.65,1.65,0.7619047619047613,3.1380753138075423,0.04289653364338486,25.6743,持有3日,0.10782394429822606,27.2727,持有5日,0.04289653364338486,25.6743,持有3日,0.10782394429822606,27.2727,持有5日,0.04289653364338486,25.6743,持有3日,0.10782394429822606,27.2727,持有5日,0.04289653364338486,25.6743,持有3日,0.10782394429822606,27.2727,持有5日
2026-07-21,2103,台橡,2026-07-03,2103|2026-07-03|22.7,B,True,1,均線：20MA 22.80、30MA 22.39,22.7,22.47,11,12,6.703376179361583,0.17,1.76,4.19,0.6874999999999989,2.3809523809523725,-0.00995257122850246,23.2767,持有3日,-0.045220355171864846,22.4475,停損,-0.00995257122850246,23.2767,持有3日,-0.045220355171864846,22.4475,停損,,,,,,,,,,,,
2026-09-09,2201,裕隆,2026-09-01,2201|2026-09-01|29.9,B,True,2,結構：突破K實體下緣30.05；均線：20MA 29.64,29.9,29.6,6,14,5.965053220774138,0.13,0.84,2.01,0.777777777777776,0.8264462809917328,-0.011081028862084175,30.3696,持有3日,-0.03710521231308184,29.5704,停損,-0.011081028862084175,30.3696,持有3日,-0.03710521231308184,29.5704,停損,,,,,,,,,,,,
2026-07-15,2204,中華,2026-07-03,2204|2026-07-03|56.8,B,True,2,結構：突破K實體下緣56.00；均線：5MA 57.34、10MA 57.12、20MA 56.28、30MA 56.02,56.8,56.23,7,27,1.1828561740923405,0.39,0.18,1.41,1.0,0.6993006993006867,-0.033105178049979256,56.1738,停損,-0.033105178049979256,56.1738,停損,-0.033105178049979256,56.1738,停損,-0.033105178049979256,56.1738,停損,-0.033105178049979256,56.1738,停損,-0.033105178049979256,56.1738,停損,,,,,,
2026-07-15,2206,三陽工業,2026-07-03,2206|2026-07-03|63.5,B,True,1,均線：5MA 63.88、10MA 63.36,63.5,62.87,7,18,1.9380412570142915,0.38,0.47,0.63,0.8749999999999978,0.9478672985782088,0.0030069456425900754,64.7352,持有3日,-0.057359213122936015,60.8391,停損,0.0030069456425900754,64.7352,持有3日,-0.057359213122936015,60.8391,停損,0.0030069456425900754,64.7352,持有3日,-0.057359213122936015,60.8391,停損,0.0030069456425900754,64.7352,持有3日,-0.057359213122936015,60.8391,停損
2026-08-04,2207,和泰車,2026-07-29,2207|2026-07-29|507.0,B,True,2,結構：突破K實體下緣505.00；均線：10MA 514.25,507.0,501.93,4,15,3.569815491596592,0.42,0.2,1.97,0.7857142857142857,1.9723865877712132,-0.034036322755181425,515.484,持有3日,-0.04339643590677855,510.489,持有5日,-0.034036322755181425,515.484,持有3日,-0.04339643590677855,510.489,持有5日,,,,,,,,,,,,
2026-07-21,2236,百達-KY,2026-07-01,2236|2026-07-01|150.5,B,True,2,結構：突破K實體下緣148.50；均線：30MA 151.83,150.5,149.0,13,5,2.801908593568025,0.2,0.33,2.99,0.8,2.310231023102305,-0.03059916645033256,148.851,停損,-0.03059916645033256,148.851,停損,-0.03059916645033256,148.851,停損,-0.03059916645033256,148.851,停損,-0.03059916645033256,148.851,停損,-0.03059916645033256,148.851,停損,,,,,,
2026-09-09,2301,光寶科,2026-08-25,2301|2026-08-25|287.0,B,True,2,結構：突破K實體下緣286.00；均線：20MA 289.68,287.0,284.13,11,6,2.1538635599737073,0.18,1.39,1.92,0.2,-0.17064846416382506,-0.04818754467251107,282.717,停損,-0.04818754467251107,282.717,停損,-0.04818754467251107,282.717,停損,-0.04818754467251107,282.717,停損,,,,,,,,,,,,
2026-07-15,2302,麗正,2026-06-17,2302|2026-06-17|41.8,C,False,0,僅原突破樞紐,41.8,41.38,18,2,5.435677433873656,0.22,0.48,9.33,0.9487179487179498,5.787037037037046,-0.14108625283290277,41.3386,停損,-0.14108625283290277,41.3386,停損,,,,,,,,,,,,,,,,,,
2026-07-16,2305,全友,2026-06-22,2305|2026-06-22|33.65,B,True,1,結構：突破跳空缺口上緣35.50,33.65,33.31,17,2,1.6467204484376576,0.22,0.45,2.23,0.2926829268292684,0.7320644216691097,-0.022211564424613472,33.2767,停損,-0.022211564424613472,33.2767,停損,-0.022211564424613472,33.2767,停損,-0.022211564424613472,33.2767,停損,-0.022211564424613472,33.2767,停損,-0.022211564424613472,33.2767,停損,-0.022211564424613472,33.2767,停損,-0.022211564424613472,33.2767,停損
2026-07-20,2415,錩新,2026-06-25,2415|2026-06-25|31.5,B,True,1,結構：突破K實體下緣31.40,31.5,31.18,16,5,5.916892513989116,0.14,0.63,6.51,1.0,2.286585365853666,0.009758499134034482,34.4156,持有3日,-0.056190894858754614,32.1678,持有5日,,,,,,,,,,,,,,,,,,
2026-07-15,2427,三商電,2026-07-03,2427|2026-07-03|24.7,C,False,0,僅原突破樞紐,24.7,24.45,7,7,12.170416712445673,0.36,2.63,4.45,0.3913043478260868,-1.5267175572518998,-0.04868214686297456,24.4255,停損,-0.04868214686297456,24.4255,停損,-0.04868214686297456,24.4255,停損,-0.04868214686297456,24.4255,停損,,,,,,,,,,,,
2026-07-30,2434,統懋,2026-07-02,2434|2026-07-02|47.75,B,True,1,結構：突破跳空缺口上緣48.15,47.75,47.27,19,3,1.212307980199425,0.15,0.73,7.85,0.40476190476190466,7.068607068607058,0.027875152946784,54.6453,持有3日,0.069215652699671,56.8431,持有5日,,,,,,,,,,,,,,,,,,
2026-07-27,2527,宏璟,2026-07-16,2527|2026-07-16|46.5,B,True,1,結構：突破K實體下緣45.85,46.5,46.03,7,3,2.9808577021818805,0.14,1.83,0.54,0.7586206896551719,0.5376344086021501,,,,,,,,,,,,,,,,,,,,,,,,
2026-08-21,2542,興富發,2026-08-18,2542|2026-08-18|47.1,B,True,2,結構：突破K實體下緣47.00；均線：10MA 46.61,47.1,46.63,3,9,1.6598811705834189,0.71,2.34,3.61,0.7499999999999956,1.139896373056981,-0.02409312058758306,47.952,持有3日,-0.04442451390867508,46.953,持有5日,-0.02409312058758306,47.952,持有3日,-0.04442451390867508,46.953,持有5日,,,,,,,,,,,,
2026-08-28,2605,新興,2026-08-18,2605|2026-08-18|33.9,B,True,1,均線：20MA 33.94,33.9,33.56,8,14,3.7892943498216565,0.35,1.62,3.39,0.5217391304347783,1.1544011544011523,-0.014854719769727187,35.0149,持有3日,0.007630764515129229,35.8141,持有5日,-0.014854719769727187,35.0149,持有3日,0.007630764515129229,35.8141,持有5日,,,,,,,,,,,,
2026-08-26,2607,榮運,2026-08-20,2607|2026-08-20|51.4,B,True,2,結構：突破K實體下緣50.80；均線：10MA 51.15,51.4,50.89,4,12,2.0959667824738992,0.43,0.39,1.95,0.9230769230769218,-0.19047619047619646,-0.0021476319188623583,52.6473,持有3日,0.009213116104831665,53.2467,持有5日,-0.0021476319188623583,52.6473,持有3日,0.009213116104831665,53.2467,持有5日,-0.0021476319188623583,52.6473,持有3日,0.009213116104831665,53.2467,持有5日,,,,,,
2026-08-27,2609,陽明,2026-08-19,2609|2026-08-19|57.2,C,False,0,僅原突破樞紐,57.2,56.63,6,2,2.459529171919874,0.53,1.22,1.22,0.7368421052631577,2.1164021164021163,-0.02283999958010552,56.5734,停損,-0.02283999958010552,56.5734,停損,-0.02283999958010552,56.5734,停損,-0.02283999958010552,56.5734,停損,-0.02283999958010552,56.5734,停損,-0.02283999958010552,56.5734,停損,-0.02283999958010552,56.5734,停損,-0.02283999958010552,56.5734,停損
2026-08-27,2612,中航,2026-08-21,2612|2026-08-21|59.5,B,True,2,均線：10MA 59.18；日線近似POC 58.25～58.67,59.5,58.91,4,6,2.201330729432847,0.97,1.51,4.2,0.9189189189189196,5.802047781569963,-0.05727657789319507,58.8511,停損,-0.05727657789319507,58.8511,停損,-0.05727657789319507,58.8511,停損,-0.05727657789319507,58.8511,停損,,,,,,,,,,,,
2026-08-27,2615,萬海,2026-08-20,2615|2026-08-20|108.0,B,True,1,結構：突破K實體下緣106.50,108.0,106.92,5,2,1.8303567294113652,0.6,2.31,5.09,0.5,0.4424778761061843,0.0009135975412666308,114.3855,持有3日,0.009655201013242909,115.3845,持有5日,,,,,,,,,,,,,,,,,,
2026-07-20,2630,亞航,2026-07-03,2630|2026-07-03|53.5,C,False,0,僅原突破樞紐,53.5,52.96,10,5,2.0443143604885816,0.75,1.5,0.19,0.1698113207547168,-0.7407407407407418,,,,,,,,,,,,,,,,,,,,,,,,
2026-08-27,2637,慧洋-KY,2026-08-19,2637|2026-08-19|88.8,B,True,2,結構：突破K實體下緣88.90；均線：20MA 89.04,88.8,87.91,6,12,5.913691992374051,0.62,1.46,6.53,0.8181818181818182,4.646017699115035,0.002660070116534463,95.5044,持有3日,0.04670998951495986,99.7002,持有5日,,,,,,,,,,,,,,,,,,
2026-07-15,2801,彰銀,2026-06-30,2801|2026-06-30|23.6,B,True,2,結構：突破K實體下緣23.65；均線：5MA 23.83、10MA 23.66、20MA 23.43,23.6,23.36,10,10,2.9643627796534116,0.18,0.0,0.64,0.5,0.6355932203389703,-0.005743610985185721,23.8262,持有3日,0.02760670814319366,24.6253,持有5日,-0.005743610985185721,23.8262,持有3日,0.02760670814319366,24.6253,持有5日,-0.005743610985185721,23.8262,持有3日,0.02760670814319366,24.6253,持有5日,-0.005743610985185721,23.8262,持有3日,0.02760670814319366,24.6253,持有5日
2026-07-27,2801,彰銀,2026-07-22,2801|2026-07-22|24.3,B,True,2,結構：突破K實體下緣24.20；均線：5MA 24.45、10MA 24.13,24.3,24.06,3,17,1.4795598145362265,0.93,0.21,1.65,0.6999999999999957,0.6109979633401208,-0.02564660500787208,24.0359,停損,-0.02564660500787208,24.0359,停損,-0.02564660500787208,24.0359,停損,-0.02564660500787208,24.0359,停損,-0.02564660500787208,24.0359,停損,-0.02564660500787208,24.0359,停損,-0.02564660500787208,24.0359,停損,-0.02564660500787208,24.0359,停損
2026-09-08,2801,彰銀,2026-09-03,2801|2026-09-03|25.8,B,True,2,結構：突破K實體下緣25.70；均線：10MA 25.64,25.8,25.54,3,8,1.7745671965471084,0.76,1.94,5.62,0.9499999999999993,2.8301886792452935,0.015838482001218512,27.8721,持有3日,0.01947948014459211,27.972,持有5日,,,,,,,,,,,,,,,,,,
2026-07-15,2836,高雄銀,2026-07-06,2836|2026-07-06|12.5,B,True,2,結構：突破K實體下緣12.45；均線：5MA 12.49、10MA 12.43、20MA 12.35,12.5,12.38,6,31,4.815278165157889,0.21,0.0,0.4,0.5000000000000089,0.40000000000000036,-0.011765196383365262,12.5375,持有3日,0.007920755879914365,12.7872,持有5日,-0.011765196383365262,12.5375,持有3日,0.007920755879914365,12.7872,持有5日,-0.011765196383365262,12.5375,持有3日,0.007920755879914365,12.7872,持有5日,-0.011765196383365262,12.5375,持有3日,0.007920755879914365,12.7872,持有5日
2026-07-15,2845,遠東銀,2026-06-17,2845|2026-06-17|13.05,B,True,2,結構：突破K實體下緣13.10；均線：10MA 13.22、20MA 13.13、30MA 12.95,13.05,12.92,18,12,1.9103359355433516,0.41,1.53,3.07,0.7999999999999972,1.1278195488721776,-0.01523227454316689,13.2867,持有3日,-0.011530140236938324,13.3366,持有5日,-0.01523227454316689,13.2867,持有3日,-0.011530140236938324,13.3366,持有5日,,,,,,,,,,,,
2026-07-30,2850,新產,2026-07-27,2850|2026-07-27|153.0,B,True,2,結構：突破K實體下緣152.50、突破跳空缺口上緣151.50；均線：5MA 154.60,153.0,151.47,3,11,6.515079942840196,0.51,0.98,2.61,0.5,-0.31746031746031633,-0.001548436347992399,158.841,持有3日,-0.014107575513426451,156.843,持有5日,-0.001548436347992399,158.841,持有3日,-0.014107575513426451,156.843,持有5日,,,,,,,,,,,,
2026-08-25,2851,中再保,2026-08-20,2851|2026-08-20|40.75,B,True,2,結構：突破跳空缺口上緣44.20；均線：10MA 40.96,40.75,40.34,3,6,1.4771641102398632,0.82,1.96,7.36,0.9777777777777791,5.294825511432011,0.021620021290525093,45.0549,持有3日,0.03860926776431439,45.8041,持有5日,,,,,,,,,,,,,,,,,,
2026-07-22,2880,華南金,2026-07-17,2880|2026-07-17|39.9,B,True,1,均線：5MA 40.30、10MA 39.72,39.9,39.5,3,8,2.0430097179934847,0.68,0.13,3.38,1.0,2.6119402985074647,-0.005425652434173589,41.3586,持有3日,0.004183761551969534,41.7582,持有5日,-0.005425652434173589,41.3586,持有3日,0.004183761551969534,41.7582,持有5日,,,,,,,,,,,,
2026-08-04,2880,華南金,2026-07-30,2880|2026-07-30|42.5,B,True,2,結構：突破K實體下緣41.90；均線：5MA 42.89、10MA 42.05,42.5,42.08,3,6,1.1206805868846137,0.84,1.18,1.76,0.5952380952380948,2.9761904761904656,0.01737728722116616,44.3556,持有3日,0.0001918600721602104,43.6063,持有5日,0.01737728722116616,44.3556,持有3日,0.0001918600721602104,43.6063,持有5日,0.01737728722116616,44.3556,持有3日,0.0001918600721602104,43.6063,持有5日,,,,,,
2026-09-16,2880,華南金,2026-09-11,2880|2026-09-11|45.6,B,True,1,均線：5MA 46.24、10MA 45.25,45.6,45.14,3,9,1.5254117262414884,0.98,1.97,3.84,0.7083333333333328,0.8519701810436597,,,,,,,,,,,,,,,,,,,,,,,,
2026-08-28,2881,富邦金,2026-08-25,2881|2026-08-25|141.0,B,True,1,均線：5MA 139.50,141.0,139.59,3,7,2.2291769848018284,0.35,0.35,2.13,0.875,2.127659574468077,-0.004358873084313264,143.3565,持有3日,0.04420898676523244,150.3495,持有5日,-0.004358873084313264,143.3565,持有3日,0.04420898676523244,150.3495,持有5日,-0.004358873084313264,143.3565,持有3日,0.04420898676523244,150.3495,持有5日,,,,,,
2026-08-05,2884,玉山金,2026-07-31,2884|2026-07-31|37.8,B,True,2,結構：突破K實體下緣37.75；均線：5MA 38.18,37.8,37.42,3,4,1.141479220763537,0.65,0.53,0.79,0.6666666666666666,0.0,,,,,,,,,,,,,,,,,,,,,,,,
2026-08-14,2884,玉山金,2026-07-30,2884|2026-07-30|37.2,B,True,2,結構：突破K實體下緣36.80；均線：5MA 37.28、10MA 37.70、20MA 37.15,37.2,36.83,11,9,1.7841913414660437,0.79,0.67,1.21,0.5599999999999966,0.5340453938584622,-0.020329905051689634,36.7932,停損,-0.020329905051689634,36.7932,停損,-0.020329905051689634,36.7932,停損,-0.020329905051689634,36.7932,停損,-0.020329905051689634,36.7932,停損,-0.020329905051689634,36.7932,停損,-0.020329905051689634,36.7932,停損,-0.020329905051689634,36.7932,停損
2026-09-11,2884,玉山金,2026-09-08,2884|2026-09-08|44.4,B,True,1,均線：5MA 44.92,44.4,43.96,3,3,1.115926831851168,0.76,0.11,4.28,1.0,3.579418344519003,-0.0035375324428421617,46.4036,持有3日,-0.004610150814808978,46.3536,持有5日,-0.0035375324428421617,46.4036,持有3日,-0.004610150814808978,46.3536,持有5日,,,,,,,,,,,,
2026-07-16,2886,兆豐金,2026-06-25,2886|2026-06-25|46.0,B,True,1,均線：5MA 46.66、10MA 46.47、20MA 46.05,46.0,45.54,14,7,1.1872983931525378,0.6,0.22,1.3,0.4117647058823539,1.304347826086949,0.03475448308513984,48.5514,持有3日,0.025173423056573663,48.1018,持有5日,0.03475448308513984,48.5514,持有3日,0.025173423056573663,48.1018,持有5日,0.03475448308513984,48.5514,持有3日,0.025173423056573663,48.1018,持有5日,,,,,,
2026-07-24,2886,兆豐金,2026-07-20,2886|2026-07-20|47.6,B,True,2,結構：突破K實體下緣47.80；均線：10MA 47.58、20MA 46.92,47.6,47.12,4,16,1.3484429839479561,0.48,1.05,1.79,0.8437500000000001,2.866242038216571,0.010395561307297907,49.8501,持有3日,0.07519046704243548,53.0469,持有5日,0.010395561307297907,49.8501,持有3日,0.07519046704243548,53.0469,持有5日,,,,,,,,,,,,
2026-08-04,2886,兆豐金,2026-07-30,2886|2026-07-30|50.5,B,True,2,結構：突破K實體下緣50.10；均線：10MA 50.05,50.5,49.99,3,4,1.4538483321075133,0.77,0.0,0.4,0.18181818181818415,0.19762845849802257,-0.003914112462980679,50.8491,持有3日,-0.02172232774114735,49.94,停損,-0.003914112462980679,50.8491,持有3日,-0.02172232774114735,49.94,停損,-0.003914112462980679,50.8491,持有3日,-0.02172232774114735,49.94,停損,-0.003914112462980679,50.8491,持有3日,-0.02172232774114735,49.94,停損
2026-07-15,2887,台新新光金,2026-07-09,2887|2026-07-09|36.0,B,True,2,結構：突破K實體下緣36.45、突破跳空缺口上緣36.30；均線：5MA 36.01,36.0,35.64,3,2,1.56578843921613,0.7,1.39,0.42,0.5,0.4166666666666652,-0.017749725871402444,35.6044,停損,-0.017749725871402444,35.6044,停損,-0.017749725871402444,35.6044,停損,-0.017749725871402444,35.6044,停損,-0.017749725871402444,35.6044,停損,-0.017749725871402444,35.6044,停損,-0.017749725871402444,35.6044,停損,-0.017749725871402444,35.6044,停損
2026-08-05,2892,第一金,2026-07-30,2892|2026-07-30|35.1,B,True,2,結構：突破K實體下緣34.85；均線：10MA 35.23,35.1,34.75,4,13,1.6019429829451672,0.8,0.28,2.28,0.7777777777777742,1.6997167138810276,-0.03138516221447751,34.9151,持有3日,-0.07018518432891907,33.5164,停損,-0.03138516221447751,34.9151,持有3日,-0.07018518432891907,33.5164,停損,-0.03138516221447751,34.9151,持有3日,-0.07018518432891907,33.5164,停損,,,,,,
2026-09-16,2892,第一金,2026-09-11,2892|2026-09-11|38.25,B,True,2,結構：突破K實體下緣37.70；均線：10MA 38.34,38.25,37.87,3,5,1.1067456443344625,0.69,2.61,4.58,1.0,0.7556675062972307,,,,,,,,,,,,,,,,,,,,,,,,
2026-09-17,2892,第一金,2026-09-14,2892|2026-09-14|39.05,B,True,2,結構：突破K實體下緣38.55；均線：10MA 38.73,39.05,38.66,3,5,1.141813163589638,0.89,2.05,4.35,0.8181818181818158,1.8750000000000044,,,,,,,,,,,,,,,,,,,,,,,,
2026-09-08,2897,王道銀行,2026-09-03,2897|2026-09-03|10.7,B,True,2,結構：突破K實體下緣10.70；均線：5MA 10.83、10MA 10.61,10.7,10.59,3,36,2.140325006858262,0.23,0.0,2.34,1.0,1.8604651162790642,0.005888657581769152,10.989,持有3日,0.024177542265073848,11.1888,持有5日,0.005888657581769152,10.989,持有3日,0.024177542265073848,11.1888,持有5日,0.005888657581769152,10.989,持有3日,0.024177542265073848,11.1888,持有5日,,,,,,
2026-09-17,2897,王道銀行,2026-09-14,2897|2026-09-14|11.0,B,True,2,結構：突破K實體下緣11.00；均線：10MA 11.00,11.0,10.89,3,9,3.3897227444757183,0.45,0.91,2.27,0.7499999999999978,0.44642857142858094,,,,,,,,,,,,,,,,,,,,,,,,
2026-09-01,2915,潤泰全,2026-08-14,2915|2026-08-14|54.8,B,True,2,結構：突破跳空缺口上緣57.00；均線：30MA 55.27,54.8,54.25,12,13,5.455992058850444,0.17,1.82,3.47,0.9000000000000057,1.4311270125223707,0.011488616962674891,57.5424,持有3日,0.007976503709332228,57.3426,持有5日,0.011488616962674891,57.5424,持有3日,0.007976503709332228,57.3426,持有5日,,,,,,,,,,,,
2026-07-15,3004,豐達科,2026-07-03,3004|2026-07-03|142.5,B,True,2,結構：突破K實體下緣142.00、突破跳空缺口上緣140.50；均線：20MA 140.62,142.5,141.07,7,6,6.819311795364095,0.47,0.7,9.12,0.8571428571428571,0.9740259740259827,-0.07728004551555978,139.3605,停損,-0.07728004551555978,139.3605,停損,,,,,,,,,,,,,,,,,,
2026-08-25,3008,大立光,2026-08-19,3008|2026-08-19|5360.0,C,False,0,僅原突破樞紐,5360.0,5306.4,4,5,1.4577905581521964,0.56,1.21,6.72,0.9550561797752809,6.915887850467284,0.1840701246789762,7057.935,持有3日,0.2703823842981794,7572.42,持有5日,,,,,,,,,,,,,,,,,,
2026-08-17,3022,威強電,2026-08-05,3022|2026-08-05|95.7,B,True,1,均線：20MA 94.99,95.7,94.74,8,6,2.7817155682905006,0.37,1.36,0.84,0.8076923076923073,2.2245762711864403,,,,,,,,,,,,,,,,,,,,,,,,
2026-07-15,3094,聯傑,2026-06-17,3094|2026-06-17|37.45,B,True,2,結構：突破K實體下緣36.95；均線：30MA 37.32,37.45,37.08,18,7,5.247613484559927,0.46,0.27,8.01,1.0,6.447368421052646,-0.08710328684641955,37.0429,停損,-0.08710328684641955,37.0429,停損,,,,,,,,,,,,,,,,,,
2026-09-14,3141,晶宏,2026-09-01,3141|2026-09-01|85.1,B,True,1,均線：20MA 84.78,85.1,84.25,9,4,8.025234926423133,0.22,2.23,4.58,0.4444444444444444,1.8306636155606348,0.0595139846169801,94.3056,持有3日,,,,0.0595139846169801,94.3056,持有3日,,,,,,,,,,,,,,,
2026-09-14,3219,倚強科,2026-08-28,3219|2026-08-28|84.5,B,True,1,結構：突破K實體下緣84.50,84.5,83.66,11,5,3.485931843412873,0.1,0.0,0.71,0.17647058823529216,0.3537735849056478,-0.028043219861395352,83.5763,停損,,,,-0.028043219861395352,83.5763,停損,,,,-0.028043219861395352,83.5763,停損,,,,,,,,,
2026-09-01,3490,單井,2026-08-19,3490|2026-08-19|44.5,C,False,0,僅原突破樞紐,44.5,44.05,9,2,1.3864923033071246,0.4,0.45,3.71,0.9250000000000007,0.9846827133479064,-0.04988747089669032,44.0059,停損,-0.04988747089669032,44.0059,停損,-0.04988747089669032,44.0059,停損,-0.04988747089669032,44.0059,停損,,,,,,,,,,,,
2026-08-21,3543,州巧,2026-08-17,3543|2026-08-17|41.65,B,True,1,均線：10MA 41.11,41.65,41.23,4,3,2.8324512070945294,0.32,1.08,5.64,1.0,1.2658227848101111,-0.07866551091268359,41.1888,停損,-0.07866551091268359,41.1888,停損,,,,,,,,,,,,,,,,,,
2026-07-23,3685,元創精密,2026-07-14,3685|2026-07-14|36.2,C,False,0,僅原突破樞紐,36.2,35.84,7,3,1.985075609917207,0.47,0.55,3.18,0.6750000000000007,1.2195121951219523,-0.04921272012183486,35.8042,停損,-0.04921272012183486,35.8042,停損,-0.04921272012183486,35.8042,停損,-0.04921272012183486,35.8042,停損,,,,,,,,,,,,
2026-08-31,3712,永崴投控,2026-08-10,3712|2026-08-10|20.5,B,True,1,結構：突破K實體下緣20.35,20.5,20.29,15,5,1.1395055950430448,0.61,0.24,2.44,0.8999999999999986,1.449275362318847,0.004125873515908429,20.979,持有3日,-0.012609557709356567,20.6293,持有5日,0.004125873515908429,20.979,持有3日,-0.012609557709356567,20.6293,持有5日,0.004125873515908429,20.979,持有3日,-0.012609557709356567,20.6293,持有5日,,,,,,
2026-07-15,4105,東洋,2026-07-01,4105|2026-07-01|76.8,B,True,2,結構：突破K實體下緣75.70；均線：5MA 77.78、10MA 77.69、20MA 76.02,76.8,76.03,9,35,2.926029404593264,0.51,1.43,2.08,0.4545454545454569,0.6418485237484006,-0.01162458243862785,78.0219,持有3日,-0.02554536296766108,76.923,持有5日,-0.01162458243862785,78.0219,持有3日,-0.02554536296766108,76.923,持有5日,,,,,,,,,,,,
2026-07-20,4162,智擎,2026-07-01,4162|2026-07-01|62.1,B,True,1,均線：20MA 62.30,62.1,61.48,12,3,1.352299236194386,0.23,2.42,3.54,0.49999999999999745,1.1006289308175932,-0.003352042047690129,66.7332,持有3日,-0.018271921657754597,65.7342,持有5日,,,,,,,,,,,,,,,,,,
2026-07-15,4536,拓凱,2026-07-03,4536|2026-07-03|169.0,B,True,2,結構：突破K實體下緣167.50；均線：5MA 171.10、10MA 171.10、20MA 168.05,169.0,167.31,7,19,4.359996664371727,1.0,0.0,1.18,0.4,0.8849557522123908,,,,,,,,,,,,,,,,,,,,,,,,
2026-07-17,4541,晟田,2026-07-14,4541|2026-07-14|67.4,B,True,2,結構：突破K實體下緣68.30；均線：10MA 66.44,67.4,66.73,3,5,3.3090813801866776,0.49,0.59,7.72,0.774193548387096,5.065123010130246,-0.024410267670029073,70.5294,持有3日,-0.07788806177933494,66.6633,停損,,,,,,,,,,,,,,,,,,
2026-08-20,4736,泰博,2026-08-17,4736|2026-08-17|142.0,B,True,2,結構：突破K實體下緣140.50；均線：5MA 142.20,142.0,140.58,3,2,1.3102620358488226,0.81,0.0,2.46,0.875,0.6920415224913601,-0.041377739338413044,140.4394,停損,-0.041377739338413044,140.4394,停損,-0.041377739338413044,140.4394,停損,-0.041377739338413044,140.4394,停損,,,,,,,,,,,,
2026-08-26,4736,泰博,2026-08-13,4736|2026-08-13|134.0,B,True,2,結構：突破跳空缺口上緣137.50；均線：20MA 135.40、30MA 133.50,134.0,132.66,9,16,7.044054918412603,0.52,2.24,3.73,1.0,1.4598540145985384,,,,,,,,,,,,,,,,,,,,,,,,
2026-09-11,4939,亞電,2026-08-26,4939|2026-08-26|78.2,B,True,1,均線：20MA 78.92,78.2,77.42,12,2,1.3860976984836015,0.75,2.43,5.37,0.35937500000000144,2.871410736579283,-0.012644374833958638,81.918,持有3日,-0.06779179877615948,77.3426,停損,,,,,,,,,,,,,,,,,,
2026-07-15,5230,雷笛克光學,2026-06-16,5230|2026-06-16|19.4,C,False,0,僅原突破樞紐,19.4,19.21,19,5,10.22448813916549,0.06,1.29,2.06,0.5000000000000059,-0.25188916876575096,-0.03250639563091018,19.1908,停損,-0.03250639563091018,19.1908,停損,-0.03250639563091018,19.1908,停損,-0.03250639563091018,19.1908,停損,-0.03250639563091018,19.1908,停損,-0.03250639563091018,19.1908,停損,,,,,,
2026-08-06,5306,桂盟,2026-07-16,5306|2026-07-16|90.5,B,True,2,結構：突破K實體下緣90.10；均線：5MA 90.34、10MA 90.21、20MA 91.12、30MA 89.35,90.5,89.59,15,7,9.752181020094332,0.15,1.55,2.98,0.9534883720930227,4.601571268237947,0.061442863687447336,99.5004,持有3日,0.022011753289419733,95.8041,持有5日,0.061442863687447336,99.5004,持有3日,0.022011753289419733,95.8041,持有5日,,,,,,,,,,,,
2026-07-27,5483,中美晶,2026-07-01,5483|2026-07-01|192.0,B,True,1,結構：突破K實體下緣189.50,192.0,190.08,17,4,3.4807723761756155,0.31,1.56,6.25,0.9,1.4925373134328401,-0.022839105530099824,189.8899,停損,-0.022839105530099824,189.8899,停損,-0.022839105530099824,189.8899,停損,-0.022839105530099824,189.8899,停損,-0.022839105530099824,189.8899,停損,-0.022839105530099824,189.8899,停損,-0.022839105530099824,189.8899,停損,-0.022839105530099824,189.8899,停損
2026-07-17,5488,松普,2026-07-09,5488|2026-07-09|15.45,C,False,0,僅原突破樞紐,15.45,15.3,5,2,1.9741299455751145,0.8,1.62,3.88,0.16666666666666724,1.2618296529968598,-0.05123553067124087,15.2847,停損,-0.05123553067124087,15.2847,停損,-0.05123553067124087,15.2847,停損,-0.05123553067124087,15.2847,停損,,,,,,,,,,,,
2026-07-20,5489,彩富,2026-06-18,5489|2026-06-18|42.4,B,True,1,結構：突破跳空缺口上緣42.55,42.4,41.98,20,12,5.183184883597905,0.38,2.36,9.67,0.7948717948717955,0.540540540540535,-0.05960268932729651,44.4555,持有3日,-0.05009305360139282,44.9051,持有5日,,,,,,,,,,,,,,,,,,
2026-09-01,5515,建國,2026-08-17,5515|2026-08-17|50.4,B,True,2,結構：突破K實體下緣49.70；均線：20MA 50.07,50.4,49.9,11,2,1.3305907350016435,0.12,2.78,4.17,1.0,1.1560693641618602,-0.013465346806103229,52.4475,持有3日,-0.02098180130662808,52.0479,持有5日,-0.013465346806103229,52.4475,持有3日,-0.02098180130662808,52.0479,持有5日,,,,,,,,,,,,
2026-09-16,5608,四維航,2026-08-19,5608|2026-08-19|15.95,C,False,0,僅原突破樞紐,15.95,15.79,20,2,8.472901114238406,0.09,1.88,4.39,0.6153846153846145,2.4615384615384484,,,,,,,,,,,,,,,,,,,,,,,,
2026-07-16,5876,上海商銀,2026-07-13,5876|2026-07-13|43.5,B,True,2,結構：突破K實體下緣43.20、突破跳空缺口上緣43.15；均線：10MA 43.17,43.5,43.06,3,19,3.0522496817229,0.53,2.18,3.33,0.5555555555555565,0.7847533632286963,0.00874502292345447,45.6043,持有3日,-0.01003774311126493,44.7552,持有5日,0.00874502292345447,45.6043,持有3日,-0.01003774311126493,44.7552,持有5日,,,,,,,,,,,,
2026-07-21,5876,上海商銀,2026-07-14,5876|2026-07-14|44.4,B,True,2,結構：突破K實體下緣44.40；均線：10MA 44.26,44.4,43.96,5,5,1.3953124703623878,1.0,2.48,2.82,0.14999999999999858,0.3296703296703285,0.0030391572025796343,46.1039,持有3日,-0.04455901732122636,43.916,停損,0.0030391572025796343,46.1039,持有3日,-0.04455901732122636,43.916,停損,,,,,,,,,,,,
2026-09-11,5876,上海商銀,2026-09-08,5876|2026-09-08|47.1,B,True,2,結構：突破K實體下緣46.55；均線：10MA 46.48,47.1,46.63,3,9,1.5371544753853115,0.37,0.0,3.29,0.9393939393939384,3.290870488322706,0.023016719273517117,49.7002,持有3日,0.01684777423267181,49.4006,持有5日,0.023016719273517117,49.7002,持有3日,0.01684777423267181,49.4006,持有5日,,,,,,,,,,,,
2026-07-15,5880,合庫金,2026-06-25,5880|2026-06-25|25.0,B,True,1,均線：5MA 25.20、10MA 24.98、20MA 24.84,25.0,24.75,13,8,1.8614079967180654,0.42,1.0,1.4,0.22222222222222573,0.3960396039603964,0.0039835654272581955,25.4745,持有3日,0.005952160653586391,25.5245,持有5日,0.0039835654272581955,25.4745,持有3日,0.005952160653586391,25.5245,持有5日,0.0039835654272581955,25.4745,持有3日,0.005952160653586391,25.5245,持有5日,0.0039835654272581955,25.4745,持有3日,0.005952160653586391,25.5245,持有5日
2026-08-04,5880,合庫金,2026-07-30,5880|2026-07-30|26.2,B,True,2,結構：突破K實體下緣26.10；均線：10MA 26.29,26.2,25.94,3,11,3.1432621808157104,0.45,0.76,1.34,0.333333333333336,0.18867924528302993,-0.02640800581964753,26.1738,持有3日,-0.08029000549756782,24.7252,停損,-0.02640800581964753,26.1738,持有3日,-0.08029000549756782,24.7252,停損,-0.02640800581964753,26.1738,持有3日,-0.08029000549756782,24.7252,停損,,,,,,
2026-08-07,5880,合庫金,2026-07-29,5880|2026-07-29|25.95,B,True,2,結構：突破K實體下緣26.00；均線：20MA 25.98、30MA 25.60,25.95,25.69,7,13,2.885551797099418,0.33,0.39,0.96,0.7499999999999956,0.3831417624520883,-0.07159709439641071,24.7252,停損,-0.07159709439641071,24.7252,停損,-0.07159709439641071,24.7252,停損,-0.07159709439641071,24.7252,停損,-0.07159709439641071,24.7252,停損,-0.07159709439641071,24.7252,停損,,,,,,
2026-09-09,6108,競國,2026-08-14,6108|2026-08-14|21.8,B,True,2,結構：突破K實體下緣21.70；均線：30MA 21.70,21.8,21.58,18,2,1.6284686266375201,0.61,1.38,7.11,0.781250000000001,4.943820224719109,-0.08889056885041335,21.5584,停損,-0.08889056885041335,21.5584,停損,,,,,,,,,,,,,,,,,,
2026-09-17,6112,邁達特,2026-09-14,6112|2026-09-14|47.4,B,True,2,結構：突破K實體下緣47.50、突破跳空缺口上緣47.30；均線：10MA 46.80,47.4,46.93,3,14,19.757340738862133,0.31,1.27,2.85,0.5,1.0362694300518172,,,,,,,,,,,,,,,,,,,,,,,,
2026-09-14,6141,柏承,2026-08-26,6141|2026-08-26|47.25,C,False,0,僅原突破樞紐,47.25,46.78,13,5,1.314737793539238,0.31,1.16,3.28,0.4761904761904759,0.2053388090349051,0.006403969394054965,49.4505,持有3日,,,,0.006403969394054965,49.4505,持有3日,,,,,,,,,,,,,,,
2026-09-04,6179,亞通,2026-08-28,6179|2026-08-28|29.3,B,True,1,均線：10MA 28.96,29.3,29.01,5,5,6.072903358071262,0.24,0.85,1.02,0.5789473684210538,0.6802721088435382,-0.03574842385426735,28.981,停損,-0.03574842385426735,28.981,停損,-0.03574842385426735,28.981,停損,-0.03574842385426735,28.981,停損,-0.03574842385426735,28.981,停損,-0.03574842385426735,28.981,停損,,,,,,
2026-09-15,6179,亞通,2026-09-09,6179|2026-09-09|33.1,B,True,2,結構：突破K實體下緣33.05；均線：10MA 33.14,33.1,32.77,4,2,5.793400079581608,0.36,0.15,5.29,0.7555555555555569,2.8023598820059004,0.09311972602401486,37.8621,持有3日,,,,0.09311972602401486,37.8621,持有3日,,,,,,,,,,,,,,,
2026-09-09,6214,精誠,2026-09-04,6214|2026-09-04|184.5,B,True,2,結構：突破K實體下緣183.50；均線：5MA 185.20、10MA 183.85,184.5,182.66,3,13,1.1016112709615775,0.74,0.27,1.63,1.0,1.9021739130434812,-0.005175139636406589,187.3125,持有3日,0.013394924423713928,190.809,持有5日,-0.005175139636406589,187.3125,持有3日,0.013394924423713928,190.809,持有5日,-0.005175139636406589,187.3125,持有3日,0.013394924423713928,190.809,持有5日,,,,,,
2026-07-21,6409,旭隼,2026-06-25,6409|2026-06-25|982.0,C,False,0,僅原突破樞紐,982.0,972.18,17,3,3.7400202006872294,0.25,0.92,0.71,0.5,-1.100000000000001,-0.03058314653840921,971.2078,停損,-0.03058314653840921,971.2078,停損,-0.03058314653840921,971.2078,停損,-0.03058314653840921,971.2078,停損,-0.03058314653840921,971.2078,停損,-0.03058314653840921,971.2078,停損,,,,,,
2026-07-29,6414,樺漢,2026-07-21,6414|2026-07-21|418.0,B,True,1,均線：20MA 417.10,418.0,413.82,6,8,2.2608745630015044,0.96,0.36,4.43,0.5151515151515151,-0.7954545454545436,-0.04069949863141642,413.4062,停損,-0.04069949863141642,413.4062,停損,-0.04069949863141642,413.4062,停損,-0.04069949863141642,413.4062,停損,,,,,,,,,,,,
2026-07-15,6416,瑞祺電通,2026-07-08,6416|2026-07-08|94.4,C,False,0,僅原突破樞紐,94.4,93.46,4,10,11.872371688233805,0.23,2.75,7.52,0.9,2.628918099089983,-0.06595525406810221,93.1068,停損,-0.06595525406810221,93.1068,停損,-0.06595525406810221,93.1068,停損,-0.06595525406810221,93.1068,停損,,,,,,,,,,,,
2026-09-17,6416,瑞祺電通,2026-09-14,6416|2026-09-14|117.5,B,True,1,均線：5MA 117.90,117.5,116.33,3,2,1.4273471467654335,0.51,0.0,1.28,0.23076923076923078,-0.8333333333333304,,,,,,,,,,,,,,,,,,,,,,,,
2026-08-21,6419,京晨科,2026-08-13,6419|2026-08-13|159.5,B,True,1,均線：10MA 161.40,159.5,157.91,6,12,1.8899049214238894,0.29,0.31,2.19,0.5,-0.6097560975609762,-0.038810554702566336,157.7521,停損,-0.038810554702566336,157.7521,停損,-0.038810554702566336,157.7521,停損,-0.038810554702566336,157.7521,停損,,,,,,,,,,,,
2026-07-22,6446,藥華藥,2026-06-24,6446|2026-06-24|1150.0,C,False,0,僅原突破樞紐,1150.0,1138.5,19,2,1.181028089107045,0.69,1.74,2.61,0.2222222222222222,-1.2552301255230103,-0.04676133734355514,1137.3615,停損,-0.04676133734355514,1137.3615,停損,-0.04676133734355514,1137.3615,停損,-0.04676133734355514,1137.3615,停損,,,,,,,,,,,,
2026-07-15,6491,晶碩,2026-07-03,6491|2026-07-03|353.0,C,False,0,僅原突破樞紐,353.0,349.47,7,3,6.813347436703927,0.09,0.42,3.4,1.0,1.9553072625698276,-0.05521976357658043,349.1205,停損,-0.05521976357658043,349.1205,停損,-0.05521976357658043,349.1205,停損,-0.05521976357658043,349.1205,停損,,,,,,,,,,,,
2026-07-20,6491,晶碩,2026-06-30,6491|2026-06-30|332.5,B,True,1,結構：突破K實體下緣335.50,332.5,329.18,13,20,2.9017185943167467,0.34,0.75,0.9,0.55,0.14925373134329067,-0.006349359143721034,335.664,持有3日,-0.00043477199576702485,337.662,持有5日,-0.006349359143721034,335.664,持有3日,-0.00043477199576702485,337.662,持有5日,-0.006349359143721034,335.664,持有3日,-0.00043477199576702485,337.662,持有5日,-0.006349359143721034,335.664,持有3日,-0.00043477199576702485,337.662,持有5日
2026-07-15,6525,捷敏-KY,2026-07-03,6525|2026-07-03|173.5,C,False,0,僅原突破樞紐,173.5,171.76,7,3,3.8130408552042208,0.52,2.31,8.65,0.7096774193548387,1.3440860215053752,-0.1111226244913478,163.3365,停損,-0.1111226244913478,163.3365,停損,,,,,,,,,,,,,,,,,,
2026-08-12,6533,晶心科,2026-08-07,6533|2026-08-07|249.5,B,True,1,均線：5MA 248.70,249.5,247.0,3,6,4.549381111116731,0.36,1.8,2.0,0.95,1.8000000000000016,-0.029439673128258348,246.753,停損,-0.029439673128258348,246.753,停損,-0.029439673128258348,246.753,停損,-0.029439673128258348,246.753,停損,-0.029439673128258348,246.753,停損,-0.029439673128258348,246.753,停損,,,,,,
2026-09-02,6533,晶心科,2026-08-26,6533|2026-08-26|261.0,B,True,1,均線：5MA 264.20、10MA 258.35,261.0,258.39,5,5,5.222375665864887,0.44,1.92,0.96,0.7142857142857143,1.3461538461538414,-0.03977293755794031,255.2445,停損,-0.03977293755794031,255.2445,停損,-0.03977293755794031,255.2445,停損,-0.03977293755794031,255.2445,停損,-0.03977293755794031,255.2445,停損,-0.03977293755794031,255.2445,停損,,,,,,
2026-09-15,6547,高端疫苗,2026-08-26,6547|2026-08-26|57.6,B,True,2,結構：突破跳空缺口上緣59.10；均線：30MA 57.30,57.6,57.02,14,3,2.230956272075779,0.25,0.69,3.65,0.62962962962963,1.7035775127768327,-0.007828005930709425,59.6403,持有3日,,,,-0.007828005930709425,59.6403,持有3日,,,,,,,,,,,,,,,
2026-09-01,6617,共信-KY,2026-08-26,6617|2026-08-26|120.0,C,False,0,僅原突破樞紐,120.0,118.8,4,3,1.4338298242465999,0.58,0.42,1.67,0.5,0.8264462809917328,-0.017749725871402444,118.6812,停損,-0.017749725871402444,118.6812,停損,-0.017749725871402444,118.6812,停損,-0.017749725871402444,118.6812,停損,-0.017749725871402444,118.6812,停損,-0.017749725871402444,118.6812,停損,-0.017749725871402444,118.6812,停損,-0.017749725871402444,118.6812,停損
2026-08-06,6669,緯穎,2026-08-03,6669|2026-08-03|5880.0,C,False,0,僅原突破樞紐,5880.0,5821.2,3,9,1.6217657615918926,0.4,2.89,6.55,0.9555555555555556,1.7045454545454586,-0.04409749393486728,5924.07,持有3日,-0.021529812510057922,6063.93,持有5日,-0.04409749393486728,5924.07,持有3日,-0.021529812510057922,6063.93,持有5日,,,,,,,,,,,,
2026-08-13,6669,緯穎,2026-08-04,6669|2026-08-04|5925.0,B,True,2,結構：突破K實體下緣5935.00；均線：10MA 6009.50,5925.0,5865.75,7,7,1.2518582545137595,0.45,1.6,2.45,0.2857142857142857,-0.41017227235439213,0.03334430627232865,6393.6,持有3日,0.02123480268319966,6318.675,持有5日,0.03334430627232865,6393.6,持有3日,0.02123480268319966,6318.675,持有5日,,,,,,,,,,,,
2026-07-15,6672,騰輝電子-KY,2026-06-25,6672|2026-06-25|264.5,B,True,1,結構：突破K實體下緣265.50,264.5,261.86,13,3,1.5984040681672937,0.26,1.89,1.32,1.0,1.5151515151515138,,,,,,,,,,,,,,,,,,,,,,,,
2026-07-15,6691,洋基工程,2026-06-15,6691|2026-06-15|699.0,B,True,1,結構：突破跳空缺口上緣717.00,699.0,692.01,20,8,1.8476674262285238,0.36,1.57,7.73,0.7962962962962963,6.056338028169006,-0.08818998457385163,691.318,停損,-0.08818998457385163,691.318,停損,,,,,,,,,,,,,,,,,,
2026-07-22,6712,長聖,2026-06-24,6712|2026-06-24|144.5,B,True,1,結構：突破K實體下緣143.00,144.5,143.06,19,26,7.197044373382876,0.17,1.73,3.11,0.5,-0.9966777408637828,-0.024309268290664487,147.852,持有3日,-0.05687624271393543,142.9169,停損,-0.024309268290664487,147.852,持有3日,-0.05687624271393543,142.9169,停損,,,,,,,,,,,,
2026-07-20,6732,昇佳電子,2026-07-06,6732|2026-07-06|190.0,B,True,1,結構：突破跳空缺口上緣202.00,190.0,188.1,9,4,5.720145255894941,0.3,0.0,2.89,0.5,1.033591731266159,-0.057436605634173965,187.9119,停損,-0.057436605634173965,187.9119,停損,-0.057436605634173965,187.9119,停損,-0.057436605634173965,187.9119,停損,,,,,,,,,,,,
2026-09-07,6782,視陽,2026-08-25,6782|2026-08-25|220.0,B,True,1,均線：20MA 222.22,220.0,217.8,9,9,10.507908363066749,0.16,2.05,4.09,0.8181818181818182,0.2188183807439792,-0.018612484127114692,227.2725,持有3日,-0.020769379766395923,226.773,持有5日,-0.018612484127114692,227.2725,持有3日,-0.020769379766395923,226.773,持有5日,,,,,,,,,,,,
2026-09-14,6840,東研信超,2026-08-26,6840|2026-08-26|84.5,B,True,2,結構：突破K實體下緣83.80；均線：30MA 83.55,84.5,83.66,13,8,3.3636576140643735,0.36,2.72,7.34,0.9512195121951214,0.22099447513812542,0.11031375301028645,101.3985,持有3日,,,,,,,,,,,,,,,,,,,,,
2026-08-10,6863,永道-KY,2026-07-31,6863|2026-07-31|128.5,B,True,2,結構：突破K實體下緣128.00；均線：10MA 130.00,128.5,127.22,6,4,1.4229492233454113,0.27,0.0,3.11,0.8888888888888888,1.1450381679389388,-0.06153069824910662,127.0928,停損,-0.06153069824910662,127.0928,停損,-0.06153069824910662,127.0928,停損,-0.06153069824910662,127.0928,停損,,,,,,,,,,,,
2026-07-23,6907,雅特力-KY,2026-07-14,6907|2026-07-14|201.5,B,True,1,結構：突破跳空缺口上緣202.50,201.5,199.48,7,2,1.4378929619088927,0.11,0.74,7.69,0.9333333333333333,1.8779342723004744,-0.06642231425970735,199.2805,停損,-0.06642231425970735,199.2805,停損,,,,,,,,,,,,,,,,,,
2026-07-21,6949,沛爾生醫*-創,2026-07-15,6949|2026-07-15|978.0,B,True,1,均線：10MA 978.50,978.0,968.22,4,4,2.66644428728787,0.33,0.2,1.64,0.175,-0.6000000000000005,-0.020662071525635595,991.008,持有3日,-0.04413853920620048,967.2518,停損,-0.020662071525635595,991.008,持有3日,-0.04413853920620048,967.2518,停損,,,,,,,,,,,,
2026-08-21,7711,永擎,2026-08-13,7711|2026-08-13|447.5,C,False,0,僅原突破樞紐,447.5,443.02,6,2,1.2553977701676187,0.8,0.0,3.13,0.3373493975903614,2.101769911504414,0.058746305359654194,492.507,持有3日,0.04586095478732566,486.513,持有5日,0.058746305359654194,492.507,持有3日,0.04586095478732566,486.513,持有5日,,,,,,,,,,,,
2026-09-02,7788,松川精密,2026-08-28,7788|2026-08-28|305.5,B,True,1,結構：突破K實體下緣310.00、突破跳空缺口上緣305.00,305.5,302.44,3,3,2.0723692997387744,0.42,2.29,3.44,0.3684210526315789,0.15847860538826808,-0.09068940034449624,302.1376,停損,-0.09068940034449624,302.1376,停損,,,,,,,,,,,,,,,,,,
2026-07-15,8071,能率網通,2026-06-16,8071|2026-06-16|27.4,B,True,2,結構：突破跳空缺口上緣28.25；均線：30MA 27.60,27.4,27.13,19,2,1.2683693779858047,0.22,1.28,0.91,0.2222222222222215,-3.826086956521746,-0.02117722912364184,27.1029,停損,-0.02117722912364184,27.1029,停損,-0.02117722912364184,27.1029,停損,-0.02117722912364184,27.1029,停損,-0.02117722912364184,27.1029,停損,-0.02117722912364184,27.1029,停損,-0.02117722912364184,27.1029,停損,-0.02117722912364184,27.1029,停損
2026-09-04,8103,瀚荃,2026-09-01,8103|2026-09-01|119.0,B,True,1,結構：突破K實體下緣120.50,119.0,117.81,3,3,2.1167398487751523,0.33,0.42,2.94,0.5333333333333333,-0.40650406504064707,-0.06489773902957507,117.6922,停損,-0.06489773902957507,117.6922,停損,,,,,,,,,,,,,,,,,,
2026-09-07,8111,立碁,2026-09-01,8111|2026-09-01|69.0,B,True,2,結構：突破跳空缺口上緣69.00；均線：10MA 69.25,69.0,68.31,4,4,3.6250918191249903,0.5,2.61,6.52,0.5744680851063833,1.5193370165745845,-0.0202129545390638,71.1288,持有3日,-0.027093481543705278,70.6293,持有5日,-0.0202129545390638,71.1288,持有3日,-0.027093481543705278,70.6293,持有5日,,,,,,,,,,,,
2026-07-21,8383,千附,2026-07-14,8383|2026-07-14|77.0,B,True,1,結構：突破跳空缺口上緣80.40,77.0,76.23,5,4,2.6081463587011418,0.32,1.82,9.74,0.8133333333333326,7.780612244897944,0.06776605076028419,90.3096,持有3日,-0.09641479111546758,76.4235,持有5日,,,,,,,,,,,,,,,,,,
2026-08-03,8415,大國鋼,2026-07-22,8415|2026-07-22|36.95,B,True,2,結構：突破K實體下緣36.65；均線：20MA 36.56,36.95,36.58,8,12,1.708730855815983,0.65,0.81,1.08,0.6363636363636381,0.0,-0.0269798513926367,36.5434,停損,-0.0269798513926367,36.5434,停損,-0.0269798513926367,36.5434,停損,-0.0269798513926367,36.5434,停損,-0.0269798513926367,36.5434,停損,-0.0269798513926367,36.5434,停損,-0.0269798513926367,36.5434,停損,-0.0269798513926367,36.5434,停損
2026-07-21,9921,巨大,2026-07-16,9921|2026-07-16|82.2,B,True,1,結構：突破跳空缺口上緣84.80,82.2,81.38,3,4,1.3566521845392323,0.71,0.24,2.92,0.8799999999999955,2.1739130434782483,0.047686379451738814,88.6113,持有3日,0.0039835654272581955,84.915,持有5日,0.047686379451738814,88.6113,持有3日,0.0039835654272581955,84.915,持有5日,,,,,,,,,,,,
2026-08-18,9921,巨大,2026-08-10,9921|2026-08-10|93.2,B,True,2,結構：突破跳空缺口上緣100.50；均線：20MA 92.29,93.2,92.27,6,3,4.486487419315151,0.28,2.15,4.51,0.6875000000000002,0.4123711340206171,0.09618180228621509,107.3925,持有3日,0.06559068222241371,104.3955,持有5日,0.09618180228621509,107.3925,持有3日,0.06559068222241371,104.3955,持有5日,,,,,,,,,,,,
2026-08-26,9945,潤泰新,2026-08-14,9945|2026-08-14|27.9,B,True,2,結構：突破K實體下緣28.10、突破跳空缺口上緣28.05；均線：20MA 28.04,27.9,27.62,8,15,7.315227939716778,0.11,2.51,3.58,0.7499999999999956,0.6968641114982521,-0.042278422391448744,27.7722,持有3日,-0.04916850568359665,27.5724,停損,-0.042278422391448744,27.7722,持有3日,-0.04916850568359665,27.5724,停損,,,,,,,,,,,,
