date,code,name,pattern,status,setup_date,breakout_date,confirmation_mode,trigger_level,close,ma20,ma30,dif,volume_lots,avg20_volume_lots,volume_ratio,turnover,platform_touches,close_location,structure_extension_pct,support_lower,support_upper,support_source,support_status,a_point_lower,a_point_upper,b_point,b_point_date,neckline,neckline_date,neckline_status,higher_low_status,entry_stage,dif_converging,failure_level,stop_price,target_price,target_source,risk_reward,risk_reward_status,evidence_count,evidence_notes,breakout_efficiency,atr_compression_ratio,price_action_tags
2026-09-30,2324,仁寶,Price Action,正式買點,2026-09-30,,20日破底翻強攻,37.1,37.1,38.14,38.78,-0.5147,46327.0,50501.0,0.92,1723349078.0,,0.57,1.09,36.05,36.05,近5日低點,有效,,,,,,,,,1～5日量價扣板機,,36.0,35.87,37.3,前方歷史壓力,0.16,不足，縮小試單/不追價,6,站上5MA、紅K實體≥1%、當日成交量≥300張（另須20日均量≥1000張）、5日量比≥1.3x、20日破底翻強攻、VCP/箱型加分,,,VCP波動收縮
2026-09-30,1513,中興電,破底翻,型態觀察,2026-09-14,,底底高＋突破頸線｜確認加碼,170.0,168.0,165.38,165.62,0.6467,2911.0,1836.0,1.59,490048561.0,,0.33,-1.18,162.5,164.0,A點：破底前60日重複收盤價支撐區,有效,162.5,164.0,162.0,2026-09-15,169.5,2026-09-07,尚未有效突破,已確認,底底高＋突破頸線｜確認加碼,True,161.5,,,,,,,,,,
2026-09-30,1514,亞力,破底翻,型態觀察,2026-09-24,,底底高＋突破頸線｜確認加碼,102.0,102.5,101.87,101.88,0.2614,669.0,1087.0,0.62,68804312.0,,0.0,0.49,100.5,100.5,A點：破底前60日重複收盤價支撐區,有效,100.5,100.5,100.0,2026-09-24,101.5,2026-09-15,尚未有效突破,等待回檔確認,底底高＋突破頸線｜確認加碼,False,99.5,,,,,,,,,,
2026-09-30,1773,勝一,破底翻,型態觀察,2026-09-21,,底底高＋突破頸線｜確認加碼,169.5,167.5,162.78,161.38,1.6698,1291.0,758.0,1.7,218880434.0,,0.0,-1.18,162.5,164.0,A點：破底前60日重複收盤價支撐區,有效,162.5,164.0,161.5,2026-09-21,169.0,2026-09-08,尚未有效突破,等待回檔確認,底底高＋突破頸線｜確認加碼,True,161.0,,,,,,,,,,
2026-09-30,2308,台達電,破底翻,型態觀察,2026-09-17,,底底高＋突破頸線｜確認加碼,1890.0,1890.0,1782.75,1779.0,38.7476,11095.0,12073.0,0.92,21131265412.0,,0.33,0.0,1705.0,1710.0,A點：破底前60日重複收盤價支撐區,有效,1705.0,1710.0,1685.0,2026-09-17,1885.0,2026-09-07,當日有效突破,等待回檔確認,底底高＋突破頸線｜確認加碼,True,1680.0,,,,,,,,,,
2026-09-30,2312,金寶,破底翻,型態觀察,2026-09-23,,右A（買點）站回｜早期試單,31.1,31.25,31.41,31.53,-0.1383,6465.0,8507.0,0.76,201671175.0,,0.75,0.48,30.85,31.05,A點：破底前60日重複收盤價支撐區,有效,30.85,31.05,30.3,2026-09-24,31.7,2026-09-17,尚未有效突破,等待回檔確認,右A（買點）站回｜早期試單,True,30.25,30.25,31.35,前方歷史壓力,0.29,不足，縮小試單/不追價,4,假跌破B點、3日內收復A點、右A（買點）收紅且收盤位置≥55%、B點長下影,,,
2026-09-30,2313,華通,破底翻,型態觀察,2026-09-17,,底底高＋突破頸線｜確認加碼,258.5,226.5,229.35,227.4,-0.468,12970.0,24289.0,0.53,2939761765.0,,0.45,-12.38,224.0,225.5,A點：破底前60日重複收盤價支撐區,有效,224.0,225.5,218.0,2026-09-17,258.0,2026-09-07,尚未有效突破,等待回檔確認,底底高＋突破頸線｜確認加碼,True,217.5,,,,,,,,,,
2026-09-30,2317,鴻海,破底翻,型態觀察,2026-09-14,,底底高＋突破頸線｜確認加碼,259.5,251.5,251.22,249.95,0.2764,27367.0,30943.0,0.88,6907802068.0,,0.0,-3.08,245.0,247.5,A點：破底前60日重複收盤價支撐區,有效,245.0,247.5,243.5,2026-09-14,259.0,2026-09-07,尚未有效突破,已確認,底底高＋突破頸線｜確認加碼,False,243.0,,,,,,,,,,
2026-09-30,2330,台積電,破底翻,型態觀察,2026-09-14,,底底高＋突破頸線｜確認加碼,2510.0,2480.0,2439.0,2424.0,16.5154,34282.0,22600.0,1.52,85388527300.0,,0.0,-1.2,2390.0,2420.0,A點：破底前60日重複收盤價支撐區,有效,2390.0,2420.0,2375.0,2026-09-16,2505.0,2026-09-08,尚未有效突破,等待回檔確認,底底高＋突破頸線｜確認加碼,False,2370.0,,,,,,,,,,
2026-09-30,2344,華邦電,破底翻,型態觀察,2026-09-29,,底底高＋突破頸線｜確認加碼,181.0,179.5,174.03,175.67,0.7199,85028.0,103419.0,0.82,15095910819.0,,1.0,-0.83,168.0,168.5,A點：破底前60日重複收盤價支撐區,有效,168.0,168.5,166.0,2026-09-29,180.5,2026-09-22,尚未有效突破,等待回檔確認,底底高＋突破頸線｜確認加碼,True,165.5,,,,,,,,,,
2026-09-30,2357,華碩,破底翻,型態觀察,2026-09-15,,底底高＋突破頸線｜確認加碼,1035.0,961.0,965.9,957.93,1.1536,2057.0,3223.0,0.64,1981556636.0,,0.2,-7.15,925.0,925.0,A點：破底前60日重複收盤價支撐區,有效,925.0,925.0,908.0,2026-09-15,1030.0,2026-09-04,尚未有效突破,已確認,底底高＋突破頸線｜確認加碼,True,907.0,,,,,,,,,,
2026-09-30,2369,菱生,破底翻,型態觀察,2026-09-24,,底底高＋突破頸線｜確認加碼,33.65,32.15,30.73,30.93,0.378,5052.0,5468.0,0.92,162294774.0,,0.73,-4.46,31.25,31.25,A點：破底前60日重複收盤價支撐區,有效,31.25,31.25,30.95,2026-09-24,33.6,2026-09-21,尚未有效突破,等待回檔確認,底底高＋突破頸線｜確認加碼,True,30.9,,,,,,,,,,
2026-09-30,2377,微星,破底翻,型態觀察,2026-09-15,,底底高＋突破頸線｜確認加碼,164.5,151.0,152.88,150.42,-0.268,3325.0,8460.0,0.39,504317523.0,,0.0,-8.21,149.5,150.5,A點：破底前60日重複收盤價支撐區,有效,149.5,150.5,148.0,2026-09-15,164.0,2026-09-07,尚未有效突破,已確認,底底高＋突破頸線｜確認加碼,False,147.5,,,,,,,,,,
2026-09-30,2379,瑞昱,破底翻,型態觀察,2026-09-15,,底底高＋突破頸線｜確認加碼,775.0,760.0,726.85,725.07,11.6491,2068.0,2883.0,0.72,1572457961.0,,0.59,-1.94,707.0,709.0,A點：破底前60日重複收盤價支撐區,有效,707.0,709.0,703.0,2026-09-15,774.0,2026-09-02,尚未有效突破,等待回檔確認,底底高＋突破頸線｜確認加碼,True,702.0,,,,,,,,,,
2026-09-30,2441,超豐,破底翻,型態觀察,2026-09-11,,底底高＋突破頸線｜確認加碼,121.0,125.5,118.85,117.53,2.08,4051.0,4160.0,0.97,508559601.0,,0.71,3.72,113.5,113.5,A點：破底前60日重複收盤價支撐區,有效,113.5,113.5,109.5,2026-09-14,120.5,2026-09-08,尚未有效突破,等待回檔確認,底底高＋突破頸線｜確認加碼,True,109.0,,,,,,,,,,
2026-09-30,3013,晟銘電,破底翻,型態觀察,2026-09-24,,底底高＋突破頸線｜確認加碼,84.1,86.8,85.16,85.23,0.193,2758.0,1154.0,2.39,241809732.0,,0.27,3.21,83.3,83.8,A點：破底前60日重複收盤價支撐區,有效,83.3,83.8,83.1,2026-09-24,84.0,2026-09-17,當日收盤突破壓力頸線（量比≥1.2）,等待回檔確認,底底高＋突破頸線｜確認加碼,True,83.0,,,,,,,,,,
2026-09-30,3032,偉訓,破底翻,型態觀察,2026-09-18,,底底高＋突破頸線｜確認加碼,83.9,78.3,77.16,77.94,0.6095,165.0,482.0,0.34,12970263.0,,0.44,-6.67,75.8,76.2,A點：破底前60日重複收盤價支撐區,有效,75.8,76.2,75.0,2026-09-18,83.8,2026-09-01,尚未有效突破,等待回檔確認,底底高＋突破頸線｜確認加碼,False,74.9,,,,,,,,,,
2026-09-30,3035,智原,破底翻,型態觀察,2026-09-15,,底底高＋突破頸線｜確認加碼,188.0,210.5,185.85,181.87,8.8774,5825.0,4412.0,1.32,1228911393.0,,0.33,11.97,172.0,172.5,A點：破底前60日重複收盤價支撐區,有效,172.0,172.5,169.0,2026-09-15,187.5,2026-09-03,尚未有效突破,等待回檔確認,底底高＋突破頸線｜確認加碼,True,168.5,,,,,,,,,,
2026-09-30,3044,健鼎,破底翻,型態觀察,2026-09-15,,底底高＋突破頸線｜確認加碼,511.0,525.0,509.62,498.92,8.0192,2375.0,2837.0,0.84,1254976074.0,,0.2,2.74,506.0,509.0,A點：破底前60日重複收盤價支撐區,有效,506.0,509.0,487.5,2026-09-16,510.0,2026-09-02,尚未有效突破,等待回檔確認,底底高＋突破頸線｜確認加碼,False,487.0,,,,,,,,,,
2026-09-30,3131,弘塑,破底翻,型態觀察,2026-09-23,,底底高＋突破頸線｜確認加碼,2750.0,2525.0,2430.5,2417.5,18.7142,768.0,425.0,1.81,1923799285.0,,0.58,-8.18,2385.0,2410.0,A點：破底前60日重複收盤價支撐區,有效,2385.0,2410.0,2340.0,2026-09-24,2745.0,2026-09-09,尚未有效突破,等待回檔確認,底底高＋突破頸線｜確認加碼,True,2335.0,,,,,,,,,,
2026-09-30,3189,景碩,破底翻,型態觀察,2026-09-17,,底底高＋突破頸線｜確認加碼,836.0,970.0,848.4,849.53,39.1558,23925.0,19629.0,1.22,22859601320.0,,0.94,16.03,819.0,819.0,A點：破底前60日重複收盤價支撐區,有效,819.0,819.0,785.0,2026-09-17,835.0,2026-09-10,尚未有效突破,等待回檔確認,底底高＋突破頸線｜確認加碼,True,784.0,,,,,,,,,,
2026-09-30,3231,緯創,破底翻,型態觀察,2026-09-22,,底底高＋突破頸線｜確認加碼,192.5,184.5,185.9,183.6,-0.2014,20376.0,52009.0,0.39,3777479677.0,,0.14,-4.16,181.0,183.5,A點：破底前60日重複收盤價支撐區,有效,181.0,183.5,178.0,2026-09-24,192.0,2026-09-10,尚未有效突破,等待回檔確認,底底高＋突破頸線｜確認加碼,True,177.5,,,,,,,,,,
2026-09-30,3260,威剛,破底翻,型態觀察,2026-09-15,,底底高＋突破頸線｜確認加碼,428.5,377.5,396.8,401.85,-6.9682,3491.0,5441.0,0.64,1322705313.0,,0.09,-11.9,394.0,395.0,A點：破底前60日重複收盤價支撐區,失效,394.0,395.0,385.0,2026-09-15,428.0,2026-09-08,尚未有效突破,等待回檔確認,底底高＋突破頸線｜確認加碼,True,384.5,,,,,,,,,,
2026-09-30,3289,宜特,破底翻,型態觀察,2026-09-23,,底底高＋突破頸線｜確認加碼,147.5,139.5,137.28,137.2,0.9102,1536.0,606.0,2.53,217824919.0,,0.0,-5.42,138.0,138.5,A點：破底前60日重複收盤價支撐區,有效,138.0,138.5,135.5,2026-09-24,147.0,2026-09-02,尚未有效突破,等待回檔確認,底底高＋突破頸線｜確認加碼,True,135.0,,,,,,,,,,
2026-09-30,3325,旭品,破底翻,型態觀察,2026-09-21,,底底高＋突破頸線｜確認加碼,11.35,11.9,11.43,11.38,0.1597,59.0,115.0,0.52,696872.0,,1.0,4.85,11.1,11.1,A點：破底前60日重複收盤價支撐區,有效,11.1,11.1,11.0,2026-09-21,11.3,2026-09-15,尚未有效突破,等待回檔確認,底底高＋突破頸線｜確認加碼,False,10.95,,,,,,,,,,
2026-09-30,3483,力致,破底翻,型態觀察,2026-09-24,,底底高＋突破頸線｜確認加碼,76.4,79.1,76.98,75.42,0.6754,347.0,375.0,0.93,27393001.0,,0.6,3.53,76.0,76.5,A點：破底前60日重複收盤價支撐區,有效,76.0,76.5,75.6,2026-09-24,76.3,2026-09-17,尚未有效突破,等待回檔確認,底底高＋突破頸線｜確認加碼,True,75.5,,,,,,,,,,
2026-09-30,3515,華擎,破底翻,型態觀察,2026-09-15,,底底高＋突破頸線｜確認加碼,235.5,212.0,215.82,217.0,-1.1031,132.0,533.0,0.25,28016960.0,,0.33,-9.98,202.0,203.0,A點：破底前60日重複收盤價支撐區,有效,202.0,203.0,201.0,2026-09-15,235.0,2026-09-03,尚未有效突破,已確認,底底高＋突破頸線｜確認加碼,True,200.5,,,,,,,,,,
2026-09-30,3665,貿聯-KY,破底翻,型態觀察,2026-09-11,,底底高＋突破頸線｜確認加碼,2190.0,2595.0,2146.5,2150.33,123.8235,6154.0,3478.0,1.77,15914427580.0,,0.55,18.49,1900.0,1910.0,A點：破底前60日重複收盤價支撐區,有效,1900.0,1910.0,1810.0,2026-09-14,2185.0,2026-09-07,尚未有效突破,等待回檔確認,底底高＋突破頸線｜確認加碼,True,1805.0,,,,,,,,,,
2026-09-30,3689,湧德,破底翻,型態觀察,2026-09-15,,底底高＋突破頸線｜確認加碼,124.5,110.5,110.88,110.53,0.025,385.0,863.0,0.45,42628036.0,,0.5,-11.24,106.0,106.5,A點：破底前60日重複收盤價支撐區,有效,106.0,106.5,105.5,2026-09-15,124.0,2026-09-03,尚未有效突破,已確認,底底高＋突破頸線｜確認加碼,True,105.0,,,,,,,,,,
2026-09-30,3715,定穎投控,破底翻,型態觀察,2026-09-17,,底底高＋突破頸線｜確認加碼,138.5,126.5,123.55,119.95,1.1058,4276.0,6527.0,0.66,539302731.0,,0.62,-8.66,119.5,120.5,A點：破底前60日重複收盤價支撐區,有效,119.5,120.5,118.5,2026-09-17,138.0,2026-09-09,尚未有效突破,等待回檔確認,底底高＋突破頸線｜確認加碼,True,118.0,,,,,,,,,,
2026-09-30,4585,達明,破底翻,型態觀察,2026-09-16,,底底高＋突破頸線｜確認加碼,302.5,292.0,295.23,296.25,-1.428,78.0,221.0,0.36,22871666.0,,0.8,-3.47,294.5,295.5,A點：破底前60日重複收盤價支撐區,失效,294.5,295.5,293.0,2026-09-16,302.0,2026-09-03,尚未有效突破,等待回檔確認,底底高＋突破頸線｜確認加碼,False,292.5,,,,,,,,,,
2026-09-30,4938,和碩,破底翻,型態觀察,2026-09-15,,底底高＋突破頸線｜確認加碼,95.7,89.8,90.96,90.47,-0.0451,11785.0,8767.0,1.34,1063421155.0,,0.0,-6.17,88.8,89.0,A點：破底前60日重複收盤價支撐區,有效,88.8,89.0,88.3,2026-09-15,95.6,2026-09-07,尚未有效突破,等待回檔確認,底底高＋突破頸線｜確認加碼,False,88.2,,,,,,,,,,
2026-09-30,4966,譜瑞-KY,破底翻,型態觀察,2026-09-23,,底底高＋突破頸線｜確認加碼,600.0,571.0,558.35,562.93,4.4345,322.0,537.0,0.6,184072993.0,,0.43,-4.83,565.0,567.0,A點：破底前60日重複收盤價支撐區,有效,565.0,567.0,561.0,2026-09-24,599.0,2026-08-28,尚未有效突破,等待回檔確認,底底高＋突破頸線｜確認加碼,False,560.0,,,,,,,,,,
2026-09-30,4989,榮科,破底翻,型態觀察,2026-09-11,,底底高＋突破頸線｜確認加碼,71.8,61.0,60.9,61.8,-0.333,2283.0,2679.0,0.85,139136216.0,,0.54,-15.04,60.9,61.1,A點：破底前60日重複收盤價支撐區,有效,60.9,61.1,58.3,2026-09-14,71.7,2026-08-28,尚未有效突破,已確認,底底高＋突破頸線｜確認加碼,True,58.2,,,,,,,,,,
2026-09-30,5269,祥碩,破底翻,型態觀察,2026-09-24,,底底高＋突破頸線｜確認加碼,1510.0,1460.0,1437.0,1433.67,13.1666,321.0,499.0,0.64,471631365.0,,0.14,-3.31,1460.0,1470.0,A點：破底前60日重複收盤價支撐區,有效,1460.0,1470.0,1455.0,2026-09-24,1505.0,2026-09-21,尚未有效突破,等待回檔確認,底底高＋突破頸線｜確認加碼,False,1450.0,,,,,,,,,,
2026-09-30,5426,振發,破底翻,型態觀察,2026-09-29,,右A（買點）站回｜早期試單,27.9,28.45,28.46,28.34,-0.0639,303.0,613.0,0.49,8551893.0,,0.9,1.97,27.75,27.85,A點：破底前60日重複收盤價支撐區,有效,27.75,27.85,27.65,2026-09-29,29.7,2026-09-21,尚未有效突破,等待回檔確認,右A（買點）站回｜早期試單,True,27.6,,,,,,,,,,
2026-09-30,5469,瀚宇博,破底翻,型態觀察,2026-09-15,,底底高＋突破頸線｜確認加碼,75.9,74.0,72.7,72.61,0.2987,1292.0,1024.0,1.26,95388613.0,,0.55,-2.5,71.4,71.6,A點：破底前60日重複收盤價支撐區,有效,71.4,71.6,71.1,2026-09-16,75.8,2026-09-01,尚未有效突破,已確認,底底高＋突破頸線｜確認加碼,True,71.0,,,,,,,,,,
2026-09-30,6182,合晶,破底翻,型態觀察,2026-09-11,,底底高＋突破頸線｜確認加碼,119.5,133.0,112.88,111.75,4.8412,157376.0,59686.0,2.64,20067965886.0,,1.0,11.3,105.5,106.0,A點：破底前60日重複收盤價支撐區,有效,105.5,106.0,100.0,2026-09-14,119.0,2026-09-08,尚未有效突破,已確認,底底高＋突破頸線｜確認加碼,True,99.5,,,,,,,,,,
2026-09-30,6191,精成科,破底翻,型態觀察,2026-09-11,,底底高＋突破頸線｜確認加碼,85.9,84.0,82.72,82.75,0.2288,1190.0,1192.0,1.0,99631754.0,,0.91,-2.21,80.9,81.4,A點：破底前60日重複收盤價支撐區,有效,80.9,81.4,80.5,2026-09-11,85.8,2026-09-01,尚未有效突破,等待回檔確認,底底高＋突破頸線｜確認加碼,True,80.4,,,,,,,,,,
2026-09-30,6196,帆宣,破底翻,型態觀察,2026-09-17,,底底高＋突破頸線｜確認加碼,539.0,585.0,527.0,515.82,14.6617,3126.0,1755.0,1.78,1812654545.0,,0.92,8.53,518.0,520.0,A點：破底前60日重複收盤價支撐區,有效,518.0,520.0,516.0,2026-09-17,538.0,2026-09-10,尚未有效突破,等待回檔確認,底底高＋突破頸線｜確認加碼,True,515.0,,,,,,,,,,
2026-09-30,6230,尼得科超眾,破底翻,型態觀察,2026-09-10,,底底高＋突破頸線｜確認加碼,113.5,113.0,110.55,109.65,0.7061,32.0,69.0,0.47,3624612.0,,0.67,-0.44,106.5,108.5,A點：破底前60日重複收盤價支撐區,有效,106.5,108.5,105.5,2026-09-11,113.0,2026-09-07,尚未有效突破,已確認,底底高＋突破頸線｜確認加碼,True,105.0,,,,,,,,,,
2026-09-30,6239,力成,破底翻,型態觀察,2026-09-14,,底底高＋突破頸線｜確認加碼,291.0,289.5,280.38,278.05,2.6189,14457.0,12125.0,1.19,4206617233.0,,0.45,-0.52,272.0,273.5,A點：破底前60日重複收盤價支撐區,有效,272.0,273.5,262.0,2026-09-14,290.5,2026-09-08,尚未有效突破,等待回檔確認,底底高＋突破頸線｜確認加碼,True,261.5,,,,,,,,,,
2026-09-30,6462,神盾,破底翻,型態觀察,2026-09-22,,底底高＋突破頸線｜確認加碼,101.0,106.0,99.45,99.42,1.4507,1054.0,460.0,2.29,109977221.0,,0.88,4.95,98.3,98.3,A點：破底前60日重複收盤價支撐區,有效,98.3,98.3,97.9,2026-09-22,100.5,2026-09-17,尚未有效突破,等待回檔確認,底底高＋突破頸線｜確認加碼,True,97.8,,,,,,,,,,
2026-09-30,6485,點序,破底翻,型態觀察,2026-09-15,,底底高＋突破頸線｜確認加碼,62.7,77.0,63.8,62.86,3.3823,2165.0,511.0,4.24,163789016.0,,1.0,22.81,59.1,59.4,A點：破底前60日重複收盤價支撐區,有效,59.1,59.4,58.5,2026-09-15,62.6,2026-09-04,尚未有效突破,等待回檔確認,底底高＋突破頸線｜確認加碼,True,58.4,,,,,,,,,,
2026-09-30,6488,環球晶,破底翻,型態觀察,2026-09-29,,底底高＋突破頸線｜確認加碼,1015.0,1035.0,947.8,957.13,14.7715,18828.0,10551.0,1.78,18745131067.0,,1.0,1.97,941.0,944.0,A點：破底前60日重複收盤價支撐區,有效,941.0,944.0,930.0,2026-09-29,1010.0,2026-09-22,當日收盤突破壓力頸線（量比≥1.2）,等待回檔確認,底底高＋突破頸線｜確認加碼,True,929.0,,,,,,,,,,
2026-09-30,6643,M31,破底翻,型態觀察,2026-09-11,,底底高＋突破頸線｜確認加碼,452.0,555.0,446.27,437.17,29.0433,2689.0,881.0,3.05,1436741152.0,,1.0,22.79,409.5,411.5,A點：破底前60日重複收盤價支撐區,有效,409.5,411.5,400.0,2026-09-14,451.5,2026-09-08,尚未有效突破,已確認,底底高＋突破頸線｜確認加碼,True,399.5,,,,,,,,,,
2026-09-30,6829,千附精密,破底翻,型態觀察,2026-09-15,,底底高＋突破頸線｜確認加碼,265.5,208.5,225.93,225.72,-5.2415,477.0,995.0,0.48,99746620.0,,0.2,-21.47,214.5,216.0,A點：破底前60日重複收盤價支撐區,失效,214.5,216.0,202.5,2026-09-15,265.0,2026-09-07,尚未有效突破,已確認,底底高＋突破頸線｜確認加碼,True,202.0,,,,,,,,,,
2026-09-30,8046,南電,破底翻,型態觀察,2026-09-21,,底底高＋突破頸線｜確認加碼,1130.0,1340.0,1129.5,1152.83,54.6178,13649.0,11621.0,1.17,17635392385.0,,1.0,18.58,1055.0,1055.0,A點：破底前60日重複收盤價支撐區,有效,1055.0,1055.0,1050.0,2026-09-21,1125.0,2026-09-09,尚未有效突破,等待回檔確認,底底高＋突破頸線｜確認加碼,True,1045.0,,,,,,,,,,
2026-09-30,3013,晟銘電,Price Action,型態觀察,2026-09-30,,等待量價觸發,86.8,86.8,85.16,85.23,0.193,2758.0,1154.0,2.39,241809732.0,,0.27,2.67,83.1,83.1,近5日低點,有效,,,,,,,,,1～5日量價扣板機,,83.0,,,,,,,,,,VCP波動收縮
2026-09-30,3532,台勝科,Price Action,型態觀察,2026-09-30,,等待量價觸發,471.0,471.0,423.75,406.38,14.3023,14083.0,7630.0,1.85,6646150402.0,,0.51,4.34,430.5,430.5,近5日低點,有效,,,,,,,,,1～5日量價扣板機,,430.0,,,,,,,,,,短線量價轉強
2026-09-30,3533,嘉澤,Price Action,型態觀察,2026-09-30,,等待量價觸發,1770.0,1770.0,1642.75,1639.83,34.3347,2399.0,1066.0,2.25,4222597445.0,,0.81,2.85,1660.0,1660.0,近5日低點,有效,,,,,,,,,1～5日量價扣板機,,1655.0,,,,,,,,,,VCP波動收縮
2026-09-30,6182,合晶,Price Action,型態觀察,2026-09-30,,等待量價觸發,133.0,133.0,112.88,111.75,4.8412,157376.0,59686.0,2.64,20067965886.0,,1.0,9.2,114.5,114.5,近5日低點,有效,,,,,,,,,1～5日量價扣板機,,114.0,,,,,,,,,,短線量價轉強
2026-09-30,6196,帆宣,Price Action,型態觀察,2026-09-30,,等待量價觸發,585.0,585.0,527.0,515.82,14.6617,3126.0,1755.0,1.78,1812654545.0,,0.92,5.29,534.0,534.0,近5日低點,有效,,,,,,,,,1～5日量價扣板機,,533.0,,,,,,,,,,短線量價轉強
2026-09-30,6239,力成,Price Action,型態觀察,2026-09-30,,等待量價觸發,289.5,289.5,280.38,278.05,2.6189,14457.0,12125.0,1.19,4206617233.0,,0.45,0.8,279.5,279.5,近5日低點,有效,,,,,,,,,1～5日量價扣板機,,279.0,,,,,,,,,,VCP波動收縮
2026-09-30,6257,矽格,Price Action,型態觀察,2026-09-30,,等待量價觸發,254.0,254.0,224.82,217.5,8.6753,21849.0,12696.0,1.72,5550196685.0,,0.72,3.29,235.0,235.0,近5日低點,有效,,,,,,,,,1～5日量價扣板機,,234.5,,,,,,,,,,短線量價轉強
2026-09-30,6530,創威,Price Action,型態觀察,2026-09-30,,等待量價觸發,104.5,104.5,97.42,92.95,2.2292,3591.0,2977.0,1.21,368640511.0,,0.9,3.84,97.5,97.5,近5日低點,有效,,,,,,,,,1～5日量價扣板機,,97.4,,,,,,,,,,短線量價轉強
2026-09-30,6533,晶心科,Price Action,型態觀察,2026-09-30,,等待量價觸發,333.5,333.5,259.43,257.98,17.6784,9825.0,3066.0,3.2,3149660245.0,,1.0,17.55,249.5,249.5,近5日低點,有效,,,,,,,,,1～5日量價扣板機,,249.0,,,,,,,,,,短線量價轉強
2026-09-30,6770,力積電,Price Action,型態觀察,2026-09-30,,等待量價觸發,75.3,75.3,71.47,70.8,0.8424,137017.0,123512.0,1.11,10186832981.0,,0.95,3.29,70.5,70.5,近5日低點,有效,,,,,,,,,1～5日量價扣板機,,70.4,,,,,,,,,,短線量價轉強
2026-09-30,6789,采鈺,Price Action,型態觀察,2026-09-30,,等待量價觸發,494.0,494.0,462.65,454.8,8.8916,2486.0,1467.0,1.69,1223967217.0,,0.61,4.02,455.5,455.5,近5日低點,有效,,,,,,,,,1～5日量價扣板機,,455.0,,,,,,,,,,VCP波動收縮
2026-09-30,8064,東捷,Price Action,型態觀察,2026-09-30,,等待量價觸發,145.5,145.5,124.65,116.42,6.8621,23198.0,12663.0,1.83,3459479303.0,,0.14,4.98,130.5,130.5,近5日低點,有效,,,,,,,,,1～5日量價扣板機,,130.0,,,,,,,,,,短線量價轉強
