signal_date,code,route,selected_for_digest,institutional_available,chip_summary,horizon,entry_date,entry_open,exit_date,exit_close,return_pct,close_below_pivot,close_below_stop,intraday_stop_touched,status
2026-09-29,6462,破底翻,False,True,外資連買3日｜投信連買2日,1,2026-09-30,105.5,2026-09-30,106.0,0.4739,0,0,0,已到期（未扣成本；非停損成交績效）
2026-09-29,6462,破底翻,False,True,外資連買3日｜投信連買2日,3,,,,,,,,,未到期
2026-09-29,6462,破底翻,False,True,外資連買3日｜投信連買2日,5,,,,,,,,,未到期
2026-09-29,6462,破底翻,False,True,外資連買3日｜投信連買2日,10,,,,,,,,,未到期
2026-09-29,6462,破底翻,False,True,外資連買3日｜投信連買2日,20,,,,,,,,,未到期
2026-09-29,6187,N字底,True,True,外資連買2日｜投信賣超,1,2026-09-30,1375.0,2026-09-30,1310.0,-4.7273,0,0,0,已到期（未扣成本；非停損成交績效）
2026-09-29,6187,N字底,True,True,外資連買2日｜投信賣超,3,,,,,,,,,未到期
2026-09-29,6187,N字底,True,True,外資連買2日｜投信賣超,5,,,,,,,,,未到期
2026-09-29,6187,N字底,True,True,外資連買2日｜投信賣超,10,,,,,,,,,未到期
2026-09-29,6187,N字底,True,True,外資連買2日｜投信賣超,20,,,,,,,,,未到期
2026-09-29,4958,N字底,True,True,外資單日買超｜投信單日買超,1,2026-09-30,510.0,2026-09-30,507.0,-0.5882,0,0,0,已到期（未扣成本；非停損成交績效）
2026-09-29,4958,N字底,True,True,外資單日買超｜投信單日買超,3,,,,,,,,,未到期
2026-09-29,4958,N字底,True,True,外資單日買超｜投信單日買超,5,,,,,,,,,未到期
2026-09-29,4958,N字底,True,True,外資單日買超｜投信單日買超,10,,,,,,,,,未到期
2026-09-29,4958,N字底,True,True,外資單日買超｜投信單日買超,20,,,,,,,,,未到期
2026-09-29,2467,N字底,True,True,外資連買2日｜投信買賣持平,1,2026-09-30,554.0,2026-09-30,539.0,-2.7076,0,0,0,已到期（未扣成本；非停損成交績效）
2026-09-29,2467,N字底,True,True,外資連買2日｜投信買賣持平,3,,,,,,,,,未到期
2026-09-29,2467,N字底,True,True,外資連買2日｜投信買賣持平,5,,,,,,,,,未到期
2026-09-29,2467,N字底,True,True,外資連買2日｜投信買賣持平,10,,,,,,,,,未到期
2026-09-29,2467,N字底,True,True,外資連買2日｜投信買賣持平,20,,,,,,,,,未到期
2026-09-30,3013,破底翻,False,True,外資賣超｜投信買賣持平,1,,,,,,,,,未到期
2026-09-30,3013,破底翻,False,True,外資賣超｜投信買賣持平,3,,,,,,,,,未到期
2026-09-30,3013,破底翻,False,True,外資賣超｜投信買賣持平,5,,,,,,,,,未到期
2026-09-30,3013,破底翻,False,True,外資賣超｜投信買賣持平,10,,,,,,,,,未到期
2026-09-30,3013,破底翻,False,True,外資賣超｜投信買賣持平,20,,,,,,,,,未到期
2026-09-30,6488,破底翻,False,True,外資單日買超｜投信賣超,1,,,,,,,,,未到期
2026-09-30,6488,破底翻,False,True,外資單日買超｜投信賣超,3,,,,,,,,,未到期
2026-09-30,6488,破底翻,False,True,外資單日買超｜投信賣超,5,,,,,,,,,未到期
2026-09-30,6488,破底翻,False,True,外資單日買超｜投信賣超,10,,,,,,,,,未到期
2026-09-30,6488,破底翻,False,True,外資單日買超｜投信賣超,20,,,,,,,,,未到期
2026-09-30,5443,N字底,False,True,外資轉賣｜投信買賣持平,1,,,,,,,,,未到期
2026-09-30,5443,N字底,False,True,外資轉賣｜投信買賣持平,3,,,,,,,,,未到期
2026-09-30,5443,N字底,False,True,外資轉賣｜投信買賣持平,5,,,,,,,,,未到期
2026-09-30,5443,N字底,False,True,外資轉賣｜投信買賣持平,10,,,,,,,,,未到期
2026-09-30,5443,N字底,False,True,外資轉賣｜投信買賣持平,20,,,,,,,,,未到期
2026-09-30,3013,N字底,False,True,外資賣超｜投信買賣持平,1,,,,,,,,,未到期
2026-09-30,3013,N字底,False,True,外資賣超｜投信買賣持平,3,,,,,,,,,未到期
2026-09-30,3013,N字底,False,True,外資賣超｜投信買賣持平,5,,,,,,,,,未到期
2026-09-30,3013,N字底,False,True,外資賣超｜投信買賣持平,10,,,,,,,,,未到期
2026-09-30,3013,N字底,False,True,外資賣超｜投信買賣持平,20,,,,,,,,,未到期
2026-09-30,6789,N字底,True,True,外資連買2日｜投信連買2日,1,,,,,,,,,未到期
2026-09-30,6789,N字底,True,True,外資連買2日｜投信連買2日,3,,,,,,,,,未到期
2026-09-30,6789,N字底,True,True,外資連買2日｜投信連買2日,5,,,,,,,,,未到期
2026-09-30,6789,N字底,True,True,外資連買2日｜投信連買2日,10,,,,,,,,,未到期
2026-09-30,6789,N字底,True,True,外資連買2日｜投信連買2日,20,,,,,,,,,未到期
2026-09-30,6182,N字底,False,True,外資單日買超｜投信賣超,1,,,,,,,,,未到期
2026-09-30,6182,N字底,False,True,外資單日買超｜投信賣超,3,,,,,,,,,未到期
2026-09-30,6182,N字底,False,True,外資單日買超｜投信賣超,5,,,,,,,,,未到期
2026-09-30,6182,N字底,False,True,外資單日買超｜投信賣超,10,,,,,,,,,未到期
2026-09-30,6182,N字底,False,True,外資單日買超｜投信賣超,20,,,,,,,,,未到期
2026-09-30,8064,N字底,False,True,外資單日買超｜投信買賣持平,1,,,,,,,,,未到期
2026-09-30,8064,N字底,False,True,外資單日買超｜投信買賣持平,3,,,,,,,,,未到期
2026-09-30,8064,N字底,False,True,外資單日買超｜投信買賣持平,5,,,,,,,,,未到期
2026-09-30,8064,N字底,False,True,外資單日買超｜投信買賣持平,10,,,,,,,,,未到期
2026-09-30,8064,N字底,False,True,外資單日買超｜投信買賣持平,20,,,,,,,,,未到期
2026-09-30,6269,N字底,True,True,外資連買4日｜投信買賣持平,1,,,,,,,,,未到期
2026-09-30,6269,N字底,True,True,外資連買4日｜投信買賣持平,3,,,,,,,,,未到期
2026-09-30,6269,N字底,True,True,外資連買4日｜投信買賣持平,5,,,,,,,,,未到期
2026-09-30,6269,N字底,True,True,外資連買4日｜投信買賣持平,10,,,,,,,,,未到期
2026-09-30,6269,N字底,True,True,外資連買4日｜投信買賣持平,20,,,,,,,,,未到期
2026-09-30,6770,N字底,True,True,外資連買2日｜投信連買2日,1,,,,,,,,,未到期
2026-09-30,6770,N字底,True,True,外資連買2日｜投信連買2日,3,,,,,,,,,未到期
2026-09-30,6770,N字底,True,True,外資連買2日｜投信連買2日,5,,,,,,,,,未到期
2026-09-30,6770,N字底,True,True,外資連買2日｜投信連買2日,10,,,,,,,,,未到期
2026-09-30,6770,N字底,True,True,外資連買2日｜投信連買2日,20,,,,,,,,,未到期
2026-09-30,6257,N字底,True,True,外資單日買超｜投信連買2日,1,,,,,,,,,未到期
2026-09-30,6257,N字底,True,True,外資單日買超｜投信連買2日,3,,,,,,,,,未到期
2026-09-30,6257,N字底,True,True,外資單日買超｜投信連買2日,5,,,,,,,,,未到期
2026-09-30,6257,N字底,True,True,外資單日買超｜投信連買2日,10,,,,,,,,,未到期
2026-09-30,6257,N字底,True,True,外資單日買超｜投信連買2日,20,,,,,,,,,未到期
2026-09-30,6488,N字底,True,True,外資單日買超｜投信賣超,1,,,,,,,,,未到期
2026-09-30,6488,N字底,True,True,外資單日買超｜投信賣超,3,,,,,,,,,未到期
2026-09-30,6488,N字底,True,True,外資單日買超｜投信賣超,5,,,,,,,,,未到期
2026-09-30,6488,N字底,True,True,外資單日買超｜投信賣超,10,,,,,,,,,未到期
2026-09-30,6488,N字底,True,True,外資單日買超｜投信賣超,20,,,,,,,,,未到期
2026-09-30,6290,N字底,False,True,外資賣超｜投信買賣持平,1,,,,,,,,,未到期
2026-09-30,6290,N字底,False,True,外資賣超｜投信買賣持平,3,,,,,,,,,未到期
2026-09-30,6290,N字底,False,True,外資賣超｜投信買賣持平,5,,,,,,,,,未到期
2026-09-30,6290,N字底,False,True,外資賣超｜投信買賣持平,10,,,,,,,,,未到期
2026-09-30,6290,N字底,False,True,外資賣超｜投信買賣持平,20,,,,,,,,,未到期
