signal_date,first_notified_at,code,name,route,stage,baseline_entry,pivot,retest_support,stop_price,risk_pct,volume_ratio,composite_score,breakout_date,status,entry_basis,notification_version
2026-09-23,2026-09-23T16:38:29+08:00,1514,亞力,N字底,B點當日突破,105.0,103.0,,100.5,4.29,1.82,,2026-09-23,試單區內（待風險驗證）,signal_day_close_paper,combined-top5-v1
2026-09-23,2026-09-23T16:38:29+08:00,3013,晟銘電,N字底,B點當日突破,84.3,83.2,,81.5,3.32,1.65,,2026-09-23,試單區內（待風險驗證）,signal_day_close_paper,combined-top5-v1
2026-09-23,2026-09-23T16:38:29+08:00,3532,台勝科,N字底,B點當日突破,445.0,438.5,,429.5,3.48,1.57,,2026-09-23,試單區內（待風險驗證）,signal_day_close_paper,combined-top5-v1
2026-09-23,2026-09-23T16:38:29+08:00,2368,金像電,N字底,B點當日突破,1140.0,1130.0,,1105.0,3.07,1.55,,2026-09-23,試單區內（待風險驗證）,signal_day_close_paper,combined-top5-v1
2026-09-23,2026-09-23T16:38:29+08:00,8046,南電,N字底,B點當日突破,1210.0,1180.0,,1155.0,4.55,1.54,,2026-09-23,試單區內（待風險驗證）,signal_day_close_paper,combined-top5-v1
2026-09-23,2026-09-23T17:11:47+08:00,6531,愛普*,N字底,B點當日突破,987.0,980.0,,960.0,2.74,1.53,,2026-09-23,試單區內（待風險驗證）,signal_day_close_paper,combined-top10-v1
2026-09-23,2026-09-23T17:11:47+08:00,6196,帆宣,N字底,B點當日突破,549.0,538.0,,527.0,4.01,1.39,,2026-09-23,試單區內（待風險驗證）,signal_day_close_paper,combined-top10-v1
2026-09-23,2026-09-23T17:11:47+08:00,3693,營邦,N字底,B點當日突破,732.0,715.0,,700.0,4.37,1.33,,2026-09-23,試單區內（待風險驗證）,signal_day_close_paper,combined-top10-v1
2026-09-23,2026-09-23T17:11:47+08:00,2317,鴻海,N字底,B點當日突破,256.0,254.5,,249.0,2.73,1.22,,2026-09-23,試單區內（待風險驗證）,signal_day_close_paper,combined-top10-v1
2026-09-23,2026-09-23T17:11:47+08:00,2408,南亞科,N字底,B點當日突破,515.0,502.0,,491.5,4.56,1.21,,2026-09-23,試單區內（待風險驗證）,signal_day_close_paper,combined-top10-v1
2026-09-24,2026-09-24T16:39:06+08:00,6533,晶心科,N字底,B點當日突破,276.0,273.0,,267.5,3.08,2.23,,2026-09-24,試單區內（待風險驗證）,signal_day_close_paper,combined-top10-v1
2026-09-29,2026-09-29T20:47:02+08:00,6187,萬潤,N字底,B點當日突破,1310.0,1270.0,,1240.0,5.34,2.67,,2026-09-29,試單區內（待風險驗證）,signal_day_close_paper,combined-top10-v1
2026-09-29,2026-09-29T20:47:02+08:00,4958,臻鼎-KY,N字底,B點當日突破,498.5,494.0,,484.0,2.91,1.3,,2026-09-29,試單區內（待風險驗證）,signal_day_close_paper,combined-top10-v1
2026-09-29,2026-09-29T20:47:02+08:00,2467,志聖,N字底,B點當日突破,544.0,530.0,,519.0,4.6,1.23,,2026-09-29,試單區內（待風險驗證）,signal_day_close_paper,combined-top10-v1
2026-09-30,2026-09-30T20:49:18+08:00,6770,力積電,N字底,B點當日突破,75.3,73.3,,71.8,4.65,1.47,,2026-09-30,試單區內（待風險驗證）,signal_day_close_paper,combined-top10-v1
2026-09-30,2026-09-30T20:49:18+08:00,6789,采鈺,N字底,B點當日突破,494.0,478.5,,468.5,5.16,2.25,,2026-09-30,試單區內（待風險驗證）,signal_day_close_paper,combined-top10-v1
2026-09-30,2026-09-30T20:49:18+08:00,6488,環球晶,N字底,B點當日突破,1035.0,1025.0,,1000.0,3.38,1.27,,2026-09-30,試單區內（待風險驗證）,signal_day_close_paper,combined-top10-v1
2026-09-30,2026-09-30T20:49:18+08:00,6257,矽格,N字底,B點當日突破,254.0,244.5,,239.5,5.71,1.34,,2026-09-30,試單區內（待風險驗證）,signal_day_close_paper,combined-top10-v1
2026-09-30,2026-09-30T20:49:18+08:00,6269,台郡,N字底,B點當日突破,66.0,65.6,,64.2,2.73,1.65,,2026-09-30,試單區內（待風險驗證）,signal_day_close_paper,combined-top10-v1
2026-10-01,2026-10-01T22:54:10+08:00,3706,神達,N字底,B點當日突破,82.1,81.5,81.5,79.8,2.8,2.87,94.8,2026-10-01,試單區內（待風險驗證）,signal_day_close_paper,two-stage-top5-v1
2026-10-01,2026-10-01T22:54:10+08:00,3406,玉晶光,N字底,B點當日突破,950.0,917.0,917.0,898.0,5.47,1.73,82.8,2026-10-01,試單區內（待風險驗證）,signal_day_close_paper,two-stage-top5-v1
2026-10-01,2026-10-01T22:54:10+08:00,8046,南電,N字底,B點當日突破,1420.0,1380.0,1380.0,1350.0,4.93,1.39,79.2,2026-10-01,試單區內（待風險驗證）,signal_day_close_paper,two-stage-top5-v1
2026-10-01,2026-10-01T22:54:10+08:00,6488,環球晶,N字底,B點當日突破,1085.0,1045.0,1045.0,1020.0,5.99,1.41,67.9,2026-10-01,試單區內（待風險驗證）,signal_day_close_paper,two-stage-top5-v1
2026-10-02,2026-10-02T20:45:21+08:00,4958,臻鼎-KY,N字底,B點當日突破,561.0,550.0,550.0,539.0,3.92,2.11,97.0,2026-10-02,試單區內（待風險驗證）,signal_day_close_paper,two-stage-top5-v1
2026-10-02,2026-10-02T20:45:21+08:00,6442,光聖,N字底,B點當日突破,1625.0,1595.0,1595.0,1560.0,4.0,3.42,94.0,2026-10-02,試單區內（待風險驗證）,signal_day_close_paper,two-stage-top5-v1
2026-10-02,2026-10-02T20:45:21+08:00,3163,波若威,N字底,B點當日突破,713.0,689.0,689.0,675.0,5.33,5.44,90.2,2026-10-02,試單區內（待風險驗證）,signal_day_close_paper,two-stage-top5-v1
2026-10-02,2026-10-02T20:45:21+08:00,2377,微星,N字底,B點當日突破,155.0,153.5,153.5,150.0,3.23,1.31,88.4,2026-10-02,試單區內（待風險驗證）,signal_day_close_paper,two-stage-top5-v1
2026-10-02,2026-10-02T20:45:21+08:00,6239,力成,N字底,B點當日突破,308.0,302.0,302.0,295.5,4.06,3.57,87.2,2026-10-02,試單區內（待風險驗證）,signal_day_close_paper,two-stage-top5-v1
2026-10-05,2026-10-05T20:50:30+08:00,4989,榮科,N字底,B點當日突破,70.2,67.2,67.2,65.8,6.27,6.43,93.0,2026-10-05,試單區內（待風險驗證）,signal_day_close_paper,two-stage-top5-v1
2026-10-05,2026-10-05T20:50:30+08:00,6187,萬潤,N字底,B點當日突破,1490.0,1430.0,1430.0,1400.0,6.04,1.78,90.2,2026-10-05,試單區內（待風險驗證）,signal_day_close_paper,two-stage-top5-v1
2026-10-05,2026-10-05T20:50:30+08:00,2344,華邦電,N字底,B點當日突破,181.0,180.0,180.0,176.0,2.76,1.42,87.8,2026-10-05,試單區內（待風險驗證）,signal_day_close_paper,two-stage-top5-v1
2026-10-05,2026-10-05T20:50:30+08:00,2376,技嘉,N字底,B點當日突破,388.5,376.0,376.0,368.0,5.28,1.89,87.7,2026-10-05,試單區內（待風險驗證）,signal_day_close_paper,two-stage-top5-v1
2026-10-05,2026-10-05T20:50:30+08:00,3406,玉晶光,N字底,B點當日突破,1055.0,1005.0,1005.0,984.0,6.73,1.33,86.6,2026-10-05,試單區內（待風險驗證）,signal_day_close_paper,two-stage-top5-v1
2026-10-06,2026-10-06T23:04:12+08:00,6290,良維,N字底,B點當日突破,290.0,288.0,288.0,282.0,2.76,1.93,92.0,2026-10-06,試單區內（待風險驗證）,signal_day_close_paper,two-stage-top5-v1
2026-10-06,2026-10-06T23:04:12+08:00,6239,力成,N字底,B點當日突破,310.5,302.0,302.0,295.5,4.83,1.63,88.8,2026-10-06,試單區內（待風險驗證）,signal_day_close_paper,two-stage-top5-v1
2026-10-06,2026-10-06T23:04:12+08:00,3013,晟銘電,N字底,B點當日突破,95.0,93.6,93.6,91.7,3.47,1.9,82.8,2026-10-06,試單區內（待風險驗證）,signal_day_close_paper,two-stage-top5-v1
2026-10-06,2026-10-06T23:04:12+08:00,2368,金像電,N字底,B點當日突破,1260.0,1240.0,1240.0,1215.0,3.57,2.12,81.9,2026-10-06,試單區內（待風險驗證）,signal_day_close_paper,two-stage-top5-v1
2026-10-06,2026-10-06T23:04:12+08:00,3693,營邦,N字底,B點當日突破,716.0,690.0,690.0,676.0,5.59,1.55,79.3,2026-10-06,試單區內（待風險驗證）,signal_day_close_paper,two-stage-top5-v1
2026-10-07,2026-10-07T20:44:02+08:00,4908,前鼎,N字底,B點當日突破,254.0,243.0,243.0,238.0,6.3,3.96,93.0,2026-10-07,試單區內（待風險驗證）,signal_day_close_paper,two-stage-top5-v1
2026-10-07,2026-10-07T20:44:02+08:00,3014,聯陽,N字底,B點當日突破,149.0,145.0,145.0,142.0,4.7,2.1,91.2,2026-10-07,試單區內（待風險驗證）,signal_day_close_paper,two-stage-top5-v1
2026-10-07,2026-10-07T20:44:02+08:00,6442,光聖,N字底,B點當日突破,1815.0,1795.0,1795.0,1755.0,3.31,1.7,88.2,2026-10-07,試單區內（待風險驗證）,signal_day_close_paper,two-stage-top5-v1
2026-10-07,2026-10-07T20:44:02+08:00,4989,榮科,N字底,B點當日突破,73.7,71.9,71.9,70.4,4.48,1.9,87.9,2026-10-07,試單區內（待風險驗證）,signal_day_close_paper,two-stage-top5-v1
2026-10-07,2026-10-07T20:44:02+08:00,2369,菱生,N字底,B點當日突破,32.7,31.85,31.85,31.2,4.59,3.44,84.3,2026-10-07,試單區內（待風險驗證）,signal_day_close_paper,two-stage-top5-v1
