date,code,name,route,stage,close,entry_lower,entry_upper,entry_excess_pct,stop_price,stop_distance_pct,risk_ok,within_entry,line_eligible,breakout_score,volume_score,pattern_score,institutional_score,composite_score,foreign_buy,trust_buy,institutional_total,trust_consecutive_days,selected,exclusion_reasons,institutional_available,chip_data_date,chip_summary,chip_missing_reason,foreign_consecutive_days
2026-10-05,2308,台達電,破底翻,頸線當日突破,2005.0,,,,1680.0,16.21,1,0,0,38.3,18.9,20.8,7,85.0,7962.966,29.292,8351.782000000001,5,0,破底翻：僅突破頸線，尚未符合正式結構買點,1,2026-10-05,外資單日買超｜投信連買5日以上,,1
2026-10-05,2313,華通,破底翻,頸線當日突破,248.5,,,,222.5,10.46,1,0,0,40.0,25.0,0.0,6,71.0,7879.903,412.0,9398.439999999999,2,0,破底翻：僅突破頸線，尚未符合正式結構買點,1,2026-10-05,外資連買2日｜投信連買2日,,2
2026-10-05,3081,聯亞,破底翻,頸線當日突破,3000.0,,,,2600.0,13.33,1,0,0,24.6,25.0,0.0,3,52.6,-846.718,676.1,-167.06099999999995,2,0,破底翻：僅突破頸線，尚未符合正式結構買點,1,2026-10-05,外資賣超｜投信連買2日,,0
2026-10-05,3583,辛耘,破底翻,頸線當日突破,744.0,,,,702.0,5.65,1,0,0,23.8,19.2,0.0,4,47.0,401.803,0.0,420.957,0,0,破底翻：僅突破頸線，尚未符合正式結構買點,1,2026-10-05,外資連買2日｜投信買賣持平,,2
2026-10-05,4989,榮科,N字底,B點當日突破,70.2,67.6,70.5,,65.8,6.27,1,1,1,40.0,25.0,25.0,3,93.0,2767.706,0.0,2881.8340000000003,0,1,,1,2026-10-05,外資單日買超｜投信買賣持平,,1
2026-10-05,2313,華通,N字底,B點當日突破,248.5,236.5,246.5,0.8114,230.0,7.44,1,0,0,40.0,25.0,25.0,6,96.0,7879.903,412.0,9398.439999999999,2,0,超出試單區上緣0.81%（上緣246.5）,1,2026-10-05,外資連買2日｜投信連買2日,,2
2026-10-05,4908,前鼎,N字底,B點當日突破,234.5,231.0,240.5,,224.5,4.26,1,1,1,23.9,25.0,25.0,1,74.9,-864.479,0.0,-817.687,0,0,當日同股去重或超出LINE前五檔名額,1,2026-10-05,外資轉賣｜投信買賣持平,,0
2026-10-05,8358,金居,N字底,B點當日突破,570.0,538.0,561.0,1.6043,524.0,8.07,1,0,0,40.0,25.0,25.0,6,96.0,5007.395,96.0,6100.0,1,0,超出試單區上緣1.60%（上緣561）,1,2026-10-05,外資連買3日｜投信單日買超,,3
2026-10-05,3715,定穎投控,N字底,B點當日突破,133.0,131.0,136.5,,127.0,4.51,1,0,0,25.0,25.0,25.0,1,76.0,-1444.482,0.0,-1484.4569999999999,0,0,突破K棒未收紅（收盤未高於開盤）,1,2026-10-05,外資賣超｜投信買賣持平,,0
2026-10-05,2301,光寶科,N字底,B點當日突破,298.0,290.0,302.5,,282.5,5.2,1,1,1,33.4,25.0,25.0,2,85.4,11841.503,-56.717,12460.048999999999,0,0,當日同股去重或超出LINE前五檔名額,1,2026-10-05,外資單日買超｜投信賣超,,1
2026-10-05,6442,光聖,N字底,B點當日突破,1705.0,1680.0,1750.0,,1635.0,4.11,1,1,1,28.9,25.0,25.0,1,79.9,-175.293,0.0,-189.533,0,0,當日同股去重或超出LINE前五檔名額,1,2026-10-05,外資轉賣｜投信買賣持平,,0
2026-10-05,6191,精成科,N字底,B點當日突破,85.9,85.2,88.9,,83.0,3.38,1,1,1,24.1,25.0,25.0,6,80.1,276.534,0.0,300.411,0,0,當日同股去重或超出LINE前五檔名額,1,2026-10-05,外資連買5日以上｜投信買賣持平,,5
2026-10-05,2308,台達電,N字底,B點當日突破,2005.0,1895.0,1975.0,1.519,1845.0,7.98,1,0,0,38.3,24.0,25.0,7,94.3,7962.966,29.292,8351.782000000001,5,0,超出試單區上緣1.52%（上緣1975）,1,2026-10-05,外資單日買超｜投信連買5日以上,,1
2026-10-05,2376,技嘉,N字底,B點當日突破,388.5,378.0,394.5,,368.0,5.28,1,1,1,31.1,23.6,25.0,8,87.7,3143.592,203.0,3420.3630000000003,3,1,,1,2026-10-05,外資連買3日｜投信連買3日,,3
2026-10-05,6187,萬潤,N字底,B點當日突破,1490.0,1440.0,1500.0,,1400.0,6.04,1,1,1,40.0,22.2,25.0,3,90.2,488.861,-16.0,533.586,0,1,,1,2026-10-05,外資連買2日｜投信轉賣,,2
2026-10-05,3044,健鼎,N字底,B點當日突破,557.0,548.0,572.0,,534.0,4.13,1,1,1,27.6,20.0,25.0,8,80.6,603.508,62.0,768.5970000000001,2,0,當日同股去重或超出LINE前五檔名額,1,2026-10-05,外資連買4日｜投信連買2日,,4
2026-10-05,6257,矽格,N字底,B點當日突破,260.0,260.0,271.0,,253.0,2.69,1,0,0,19.1,19.2,25.0,5,68.3,-1556.139,432.0,-1130.955,5,0,突破K棒未收紅（收盤未高於開盤）,1,2026-10-05,外資轉賣｜投信連買5日以上,,0
2026-10-05,6805,富世達,N字底,B點當日突破,2450.0,2450.0,2555.0,,2385.0,2.65,1,1,1,29.4,18.9,25.0,5,78.3,238.361,-790.0,-540.325,0,0,當日同股去重或超出LINE前五檔名額,1,2026-10-05,外資連買5日以上｜投信賣超,,5
2026-10-05,2344,華邦電,N字底,B點當日突破,181.0,181.0,189.0,,176.0,2.76,1,1,1,40.0,17.8,25.0,5,87.8,22053.19,-1848.134,20866.474999999995,0,1,,1,2026-10-05,外資連買5日以上｜投信賣超,,5
2026-10-05,3017,奇鋐,N字底,B點當日突破,3585.0,3470.0,3620.0,,3380.0,5.72,1,1,1,28.3,17.5,25.0,4,74.8,724.397,246.883,938.9780000000002,1,0,當日同股去重或超出LINE前五檔名額,1,2026-10-05,外資單日買超｜投信單日買超,,1
2026-10-05,6531,愛普*,N字底,B點當日突破,1055.0,1025.0,1065.0,,994.0,5.78,1,1,1,28.9,17.5,25.0,3,74.4,-234.137,158.0,-70.654,2,0,當日同股去重或超出LINE前五檔名額,1,2026-10-05,外資轉賣｜投信連買2日,,0
2026-10-05,3406,玉晶光,N字底,B點當日突破,1055.0,1015.0,1055.0,,984.0,6.73,1,1,1,40.0,16.6,25.0,5,86.6,-222.862,144.0,-99.03400000000002,4,1,,1,2026-10-05,外資賣超｜投信連買4日,,0
