date,code,name,market,stage,close,a_low,b_neckline,c_low,invalidation,volume_ratio,avg20_lots,avg20_turnover,entry_lower,entry_upper,stop_price,entry_status,entry_fail_reasons,structure_zone_lower,structure_zone_upper,structure_zone_source
2026-09-30,5443,均豪,上櫃,突破B點｜當日收盤確認,113.0,77.9,109.5,99.0,98.0,4.39,2615.0,296236440.0,110.5,114.5,107.0,僅觀察,突破K棒未收紅（收盤未高於開盤）,,,
2026-09-30,3013,晟銘電,上市,突破B點｜當日收盤確認,86.8,81.1,85.5,81.5,80.6,3.76,1154.0,100215090.0,86.0,89.7,83.7,正式試單,,,,
2026-09-30,6789,采鈺,上市,突破B點｜當日收盤確認,494.0,413.0,478.5,425.0,420.5,2.25,1467.0,693682956.0,481.0,502.0,468.5,正式試單,,,,
2026-09-30,6182,合晶,上櫃,突破B點｜當日收盤確認,133.0,82.1,122.5,100.0,99.0,1.85,59686.0,6935287869.0,123.5,128.5,120.0,僅觀察,收盤超出試單區上緣,,,
2026-09-30,8064,東捷,上櫃,突破B點｜當日收盤確認,145.5,96.6,141.5,108.0,106.5,1.67,12663.0,1642165992.0,142.5,148.5,138.5,正式試單,,,,
2026-09-30,6269,台郡,上市,突破B點｜當日收盤確認,66.0,46.0,65.6,59.0,58.4,1.65,5674.0,389378735.0,66.0,68.8,64.2,正式試單,,,,
2026-09-30,6770,力積電,上市,突破B點｜當日收盤確認,75.3,66.2,73.3,66.7,66.0,1.47,123512.0,8852616321.0,73.7,76.9,71.8,正式試單,,,,
2026-09-30,6257,矽格,上市,突破B點｜當日收盤確認,254.0,190.0,244.5,236.5,234.0,1.34,12696.0,2961747314.0,246.0,256.5,239.5,正式試單,,,,
2026-09-30,6488,環球晶,上櫃,突破B點｜當日收盤確認,1035.0,778.0,1025.0,875.0,866.0,1.27,10551.0,10078456395.0,1035.0,1075.0,1000.0,正式試單,,,,
2026-09-30,6290,良維,上櫃,突破B點｜當日收盤確認,280.0,200.0,270.0,252.0,249.0,1.25,3744.0,1013231781.0,271.5,283.5,264.5,正式試單,,,,
2026-09-30,6187,萬潤,上櫃,接近B點,1310.0,1150.0,1340.0,1180.0,1165.0,2.82,2165.0,2838795498.0,1350.0,1405.0,1310.0,僅觀察,,,,
2026-09-30,6530,創威,上櫃,接近B點,104.5,74.7,105.0,89.4,88.5,2.07,2977.0,293156287.0,106.0,110.0,102.5,僅觀察,,,,
2026-09-30,3532,台勝科,上市,接近B點,471.0,331.5,474.0,430.5,426.0,1.99,7630.0,3278520378.0,476.5,497.5,464.5,僅觀察,,,,
2026-09-30,8358,金居,上櫃,接近B點,495.0,271.0,494.0,469.5,464.5,1.83,11452.0,5786952528.0,496.5,518.0,484.0,僅觀察,,,,
2026-09-30,2368,金像電,上市,接近B點,1120.0,915.0,1130.0,950.0,940.0,1.78,9049.0,9784693979.0,1140.0,1185.0,1105.0,僅觀察,,,,
2026-09-30,1513,中興電,上市,接近B點,168.0,162.0,173.0,162.5,160.5,1.69,1836.0,304613330.0,174.0,181.5,169.5,僅觀察,,,,
2026-09-30,2324,仁寶,上市,接近B點,37.1,33.2,37.35,35.65,35.25,1.69,50501.0,1963015217.0,37.55,39.2,36.6,僅觀察,,,,
2026-09-30,4977,眾達-KY,上市,接近B點,169.0,105.0,170.5,160.5,158.5,1.44,3685.0,648251713.0,171.5,179.0,167.0,僅觀察,,,,
2026-09-30,3017,奇鋐,上市,接近B點,3435.0,2740.0,3450.0,3100.0,3065.0,1.42,3019.0,10224832150.0,3470.0,3620.0,3380.0,僅觀察,,,,
2026-09-30,4938,和碩,上市,接近B點,89.8,79.1,91.5,87.3,86.4,1.37,8767.0,799871412.0,92.0,96.0,89.6,僅觀察,,,,
2026-09-30,2312,金寶,上市,接近B點,31.25,30.0,31.7,30.3,29.95,1.34,8507.0,270310178.0,31.9,33.25,31.05,僅觀察,,,,
2026-09-30,4989,榮科,上市,接近B點,61.0,58.3,62.5,58.9,58.3,1.3,2679.0,165174468.0,62.9,65.6,61.2,僅觀察,,,,
2026-09-30,2382,廣達,上市,接近B點,333.5,295.0,342.0,328.0,324.5,1.22,14410.0,4880580534.0,344.0,359.0,335.0,僅觀察,,,,
2026-09-30,1503,士電,上市,接近B點,197.5,181.0,201.5,195.0,193.0,1.14,1280.0,260504672.0,203.0,211.5,197.0,僅觀察,,,,
2026-09-30,6239,力成,上市,接近B點,289.5,210.0,298.0,262.0,259.0,1.05,12125.0,3438130359.0,299.5,312.5,292.0,僅觀察,,,,
2026-09-30,4967,十銓,上市,接近B點,275.0,198.0,282.0,248.0,245.5,1.04,2997.0,831385589.0,283.5,296.0,276.0,僅觀察,,,,
2026-09-30,2360,致茂,上市,接近B點,2135.0,1875.0,2150.0,2070.0,2045.0,0.99,2320.0,5196936924.0,2165.0,2255.0,2105.0,僅觀察,,,,
2026-09-30,8046,南電,上市,接近B點,1340.0,792.0,1335.0,1010.0,999.0,0.95,11621.0,13279748881.0,1345.0,1400.0,1305.0,僅觀察,,,,
2026-09-30,3044,健鼎,上市,接近B點,525.0,327.0,524.0,439.5,435.0,0.93,2837.0,1449684289.0,527.0,550.0,513.0,僅觀察,,,,
2026-09-30,2301,光寶科,上市,接近B點,279.5,176.5,287.0,271.0,268.0,0.92,19580.0,5754219427.0,288.5,301.0,281.0,僅觀察,,,,
2026-09-30,3006,晶豪科,上市,接近B點,286.0,236.0,293.5,263.0,260.0,0.9,16072.0,4635833599.0,295.0,308.0,287.5,僅觀察,,,,
2026-09-30,2408,南亞科,上市,接近B點,519.0,322.0,530.0,470.0,465.0,0.89,54606.0,27718386623.0,533.0,556.0,519.0,僅觀察,,,,
2026-09-30,4958,臻鼎-KY,上市,接近B點,507.0,368.0,506.0,421.5,417.0,0.89,30927.0,15289815041.0,509.0,531.0,495.5,僅觀察,,,,
2026-09-30,2317,鴻海,上市,接近B點,251.5,242.5,256.5,243.5,241.0,0.87,30943.0,7789051230.0,258.0,269.0,251.0,僅觀察,,,,
2026-09-30,6510,精測,上櫃,接近B點,3065.0,2235.0,3100.0,2570.0,2540.0,0.81,1191.0,4106789918.0,3120.0,3255.0,3035.0,僅觀察,,,,
2026-09-30,2377,微星,上市,接近B點,151.0,138.5,155.0,144.5,143.0,0.76,8460.0,1303383414.0,156.0,162.5,151.5,僅觀察,,,,
2026-09-30,2376,技嘉,上市,接近B點,358.5,335.5,358.0,341.0,337.5,0.74,5485.0,1969571545.0,360.0,375.5,350.5,僅觀察,,,,
2026-09-30,2441,超豐,上市,接近B點,125.5,92.0,125.0,110.0,108.5,0.74,4160.0,503175631.0,126.0,131.0,122.5,僅觀察,,,,
2026-09-30,3693,營邦,上櫃,接近B點,687.0,481.5,690.0,633.0,626.0,0.72,2086.0,1428133858.0,694.0,724.0,676.0,僅觀察,,,,
2026-09-30,5289,宜鼎,上櫃,接近B點,1290.0,1240.0,1310.0,1270.0,1255.0,0.72,1327.0,1780718717.0,1320.0,1375.0,1280.0,僅觀察,,,,
2026-09-30,6531,愛普*,上市,接近B點,927.0,829.0,926.0,879.0,870.0,0.69,3662.0,3518918358.0,931.0,972.0,907.0,僅觀察,,,,
2026-09-30,3037,欣興,上市,接近B點,1175.0,653.0,1200.0,873.0,864.0,0.68,22117.0,21907601625.0,1210.0,1260.0,1175.0,僅觀察,,,,
2026-09-30,3363,上詮,上櫃,接近B點,649.0,580.0,654.0,631.0,624.0,0.67,4111.0,2983487807.0,658.0,686.0,640.0,僅觀察,,,,
2026-09-30,3715,定穎投控,上市,接近B點,126.5,106.0,126.5,115.5,114.0,0.64,6527.0,823415709.0,127.5,132.5,123.5,僅觀察,,,,
2026-09-30,8299,群聯,上櫃,接近B點,2150.0,1905.0,2215.0,1910.0,1890.0,0.62,3636.0,7611052794.0,2230.0,2325.0,2170.0,僅觀察,,,,
2026-09-30,2379,瑞昱,上市,接近B點,760.0,655.0,780.0,680.0,673.0,0.59,2883.0,2105386284.0,784.0,819.0,764.0,僅觀察,,,,
2026-09-30,1514,亞力,上市,接近B點,102.5,90.2,103.0,98.2,97.2,0.55,1087.0,111301304.0,104.0,108.0,100.5,僅觀察,,,,
2026-09-30,6830,汎銓,上市,接近B點,533.0,307.0,539.0,501.0,495.5,0.55,2058.0,1181725172.0,542.0,565.0,528.0,僅觀察,,,,
2026-09-30,4908,前鼎,上櫃,接近B點,207.0,142.0,209.0,199.0,197.0,0.42,5458.0,1279920139.0,210.5,219.0,204.5,僅觀察,,,,
2026-09-30,3680,家登,上櫃,C點形成,555.0,458.0,573.0,488.5,483.5,1.16,2096.0,1129902000.0,576.0,601.0,561.0,僅觀察,,,,
2026-09-30,2313,華通,上市,C點形成,226.5,154.0,244.0,213.0,210.5,1.0,24289.0,5728393110.0,245.5,256.0,239.0,僅觀察,,,,
2026-09-30,2308,台達電,上市,C點形成,1890.0,1425.0,2005.0,1560.0,1540.0,0.8,12073.0,21509776634.0,2020.0,2105.0,1960.0,僅觀察,,,,
2026-09-30,8103,瀚荃,上市,C點形成,121.5,78.5,127.5,108.5,107.0,0.72,6062.0,743846978.0,128.5,133.5,124.5,僅觀察,,,,
2026-09-30,2303,聯電,上市,C點形成,154.5,117.0,160.5,152.0,150.0,0.61,182524.0,26463569594.0,161.5,168.5,157.0,僅觀察,,,,
2026-09-30,3081,聯亞,上櫃,C點形成,2695.0,1450.0,3255.0,2585.0,2555.0,0.55,3358.0,9903914170.0,3275.0,3415.0,3185.0,僅觀察,,,,
2026-09-30,4979,華星光,上櫃,C點形成,569.0,346.5,626.0,501.0,495.5,0.07,7106.0,4304761958.0,630.0,657.0,613.0,僅觀察,,,,
