date,code,name,close,near_high_20_pct,range20_pct,range40_pct,compression_ratio,volume_lots,avg20_lots,avg20_turnover,volume_vs_avg20,volume_note,trend_note,stage,action
2026-10-05,8358,金居,570.0,0.0,21.41,66.42,0.322,42174,13193,6761439646,3.2,較前5日均量增加,收盤高於60MA,接近20日高點（未確認完整VCP）,僅初期觀察；非完整VCP、非買點；等待獨立正式VCP階段確認
2026-10-05,2383,台光電,5700.0,0.0,22.98,39.59,0.58,1316,2050,10426959269,0.64,當日量縮,收盤高於60MA,接近20日高點（未確認完整VCP）,僅初期觀察；非完整VCP、非買點；等待獨立正式VCP階段確認
2026-10-05,6187,萬潤,1490.0,0.0,26.27,43.96,0.598,4889,2206,2906902981,2.22,較前5日均量增加,收盤高於60MA,接近20日高點（未確認完整VCP）,僅初期觀察；非完整VCP、非買點；等待獨立正式VCP階段確認
2026-10-05,3443,創意,8600.0,-1.04,52.99,96.83,0.547,751,1592,10908360382,0.47,當日量縮,收盤高於60MA,接近20日高點（未確認完整VCP）,僅初期觀察；非完整VCP、非買點；等待獨立正式VCP階段確認
2026-10-05,3044,健鼎,557.0,-1.24,18.74,43.69,0.429,3001,2759,1423783840,1.09,較前5日均量增加,收盤高於60MA,接近20日高點（未確認完整VCP）,僅初期觀察；非完整VCP、非買點；等待獨立正式VCP階段確認
2026-10-05,3374,精材,498.5,-1.29,25.31,75.35,0.336,3602,8454,3810974530,0.43,當日量縮,收盤高於60MA,接近20日高點（未確認完整VCP）,僅初期觀察；非完整VCP、非買點；等待獨立正式VCP階段確認
2026-10-05,6282,康舒,44.45,-1.44,8.54,22.02,0.388,8350,4382,190292971,1.91,較前5日均量增加,收盤未高於60MA,接近20日高點（未確認完整VCP）,僅初期觀察；非完整VCP、非買點；等待獨立正式VCP階段確認
2026-10-05,1513,中興電,166.5,-1.77,4.63,12.74,0.363,1910,1729,287038841,1.1,較前5日均量增加,收盤高於60MA,接近20日高點（未確認完整VCP）,僅初期觀察；非完整VCP、非買點；等待獨立正式VCP階段確認
2026-10-05,2408,南亞科,530.0,-1.85,16.0,27.87,0.574,42327,46933,23860077227,0.9,較前5日均量增加,收盤高於60MA,接近20日高點（未確認完整VCP）,僅初期觀察；非完整VCP、非買點；等待獨立正式VCP階段確認
2026-10-05,2317,鴻海,254.0,-1.93,6.37,15.34,0.415,52629,31961,8049655325,1.65,較前5日均量增加,收盤高於60MA,接近20日高點（未確認完整VCP）,僅初期觀察；非完整VCP、非買點；等待獨立正式VCP階段確認
2026-10-05,3680,家登,561.0,-2.09,17.3,32.03,0.54,2089,1900,1031486744,1.1,較前5日均量增加,收盤高於60MA,接近20日高點（未確認完整VCP）,僅初期觀察；非完整VCP、非買點；等待獨立正式VCP階段確認
2026-10-05,5536,聖暉*,954.0,-2.35,19.73,40.1,0.492,2769,1003,907531496,2.76,較前5日均量增加,收盤未高於60MA,接近20日高點（未確認完整VCP）,僅初期觀察；非完整VCP、非買點；等待獨立正式VCP階段確認
2026-10-05,3017,奇鋐,3585.0,-2.85,19.03,40.57,0.469,4607,3046,10363662609,1.51,較前5日均量增加,收盤高於60MA,接近20日高點（未確認完整VCP）,僅初期觀察；非完整VCP、非買點；等待獨立正式VCP階段確認
2026-10-05,2357,華碩,995.0,-3.4,14.44,27.95,0.517,2808,2870,2759593409,0.98,較前5日均量增加,收盤高於60MA,接近20日高點（未確認完整VCP）,僅初期觀察；非完整VCP、非買點；等待獨立正式VCP階段確認
2026-10-05,6290,良維,281.5,-3.43,17.78,45.75,0.389,3052,3548,969716856,0.86,較前5日均量增加,收盤高於60MA,接近20日高點（未確認完整VCP）,僅初期觀察；非完整VCP、非買點；等待獨立正式VCP階段確認
2026-10-05,3715,定穎投控,133.0,-3.62,19.48,32.69,0.596,13026,6329,803576183,2.06,較前5日均量增加,收盤高於60MA,接近20日高點（未確認完整VCP）,僅初期觀察；非完整VCP、非買點；等待獨立正式VCP階段確認
