date,code,status,rows,error
2026-10-08,1503,ok,30,
2026-10-08,1513,ok,30,
2026-10-08,1514,ok,30,
2026-10-08,1519,ok,30,
2026-10-08,1560,ok,30,
2026-10-08,1773,ok,30,
2026-10-08,2059,ok,30,
2026-10-08,2301,ok,30,
2026-10-08,2303,ok,30,
2026-10-08,2308,ok,30,
2026-10-08,2312,ok,30,
2026-10-08,2313,ok,30,
2026-10-08,2317,ok,30,
2026-10-08,2324,ok,30,
2026-10-08,2330,ok,30,
2026-10-08,2344,ok,30,
2026-10-08,2345,ok,30,
2026-10-08,2355,ok,30,
2026-10-08,2356,ok,30,
2026-10-08,2357,ok,30,
2026-10-08,2359,ok,30,
2026-10-08,2360,ok,30,
2026-10-08,2368,ok,30,
2026-10-08,2369,ok,30,
2026-10-08,2376,ok,30,
2026-10-08,2377,ok,30,
2026-10-08,2379,ok,30,
2026-10-08,2382,ok,30,
2026-10-08,2383,ok,30,
2026-10-08,2385,ok,30,
2026-10-08,2388,ok,30,
2026-10-08,2395,ok,30,
2026-10-08,2404,ok,30,
2026-10-08,2408,ok,30,
2026-10-08,2421,ok,30,
2026-10-08,2441,ok,30,
2026-10-08,2449,ok,30,
2026-10-08,2454,ok,30,
2026-10-08,2467,ok,30,
2026-10-08,3006,ok,30,
2026-10-08,3008,ok,30,
2026-10-08,3013,ok,30,
2026-10-08,3014,ok,30,
2026-10-08,3015,ok,30,
2026-10-08,3017,ok,30,
2026-10-08,3032,ok,30,
2026-10-08,3035,ok,30,
2026-10-08,3037,ok,30,
2026-10-08,3044,ok,30,
2026-10-08,3047,ok,30,
2026-10-08,3071,ok,30,
2026-10-08,3078,ok,30,
2026-10-08,3081,ok,30,
2026-10-08,3131,ok,30,
2026-10-08,3163,ok,30,
2026-10-08,3189,ok,30,
2026-10-08,3217,ok,30,
2026-10-08,3231,ok,30,
2026-10-08,3260,ok,30,
2026-10-08,3289,ok,30,
2026-10-08,3324,ok,30,
2026-10-08,3325,ok,30,
2026-10-08,3338,ok,30,
2026-10-08,3363,ok,30,
2026-10-08,3374,ok,30,
2026-10-08,3380,ok,30,
2026-10-08,3406,ok,30,
2026-10-08,3443,ok,30,
2026-10-08,3483,ok,30,
2026-10-08,3515,ok,30,
2026-10-08,3526,ok,30,
2026-10-08,3529,ok,30,
2026-10-08,3532,ok,30,
2026-10-08,3533,ok,30,
2026-10-08,3540,ok,30,
2026-10-08,3580,ok,30,
2026-10-08,3583,ok,30,
2026-10-08,3587,ok,30,
2026-10-08,3605,ok,30,
2026-10-08,3653,ok,30,
2026-10-08,3661,ok,30,
2026-10-08,3665,ok,30,
2026-10-08,3680,ok,30,
2026-10-08,3689,ok,30,
2026-10-08,3693,ok,30,
2026-10-08,3706,ok,30,
2026-10-08,3711,ok,30,
2026-10-08,3715,ok,30,
2026-10-08,4566,ok,30,
2026-10-08,4585,ok,30,
2026-10-08,4903,ok,30,
2026-10-08,4908,ok,30,
2026-10-08,4938,ok,30,
2026-10-08,4958,ok,30,
2026-10-08,4966,ok,30,
2026-10-08,4967,ok,30,
2026-10-08,4977,ok,30,
2026-10-08,4979,ok,30,
2026-10-08,4989,ok,30,
2026-10-08,5269,ok,30,
2026-10-08,5274,ok,30,
2026-10-08,5289,ok,30,
2026-10-08,5347,ok,30,
2026-10-08,5426,ok,30,
2026-10-08,5443,ok,30,
2026-10-08,5469,ok,30,
2026-10-08,5536,ok,30,
2026-10-08,6117,ok,30,
2026-10-08,6125,ok,30,
2026-10-08,6139,ok,30,
2026-10-08,6166,ok,30,
2026-10-08,6182,ok,30,
2026-10-08,6187,ok,30,
2026-10-08,6191,ok,30,
2026-10-08,6196,ok,30,
2026-10-08,6203,ok,26,
2026-10-08,6215,ok,30,
2026-10-08,6223,ok,30,
2026-10-08,6230,ok,30,
2026-10-08,6239,ok,30,
2026-10-08,6257,ok,30,
2026-10-08,6269,ok,30,
2026-10-08,6274,ok,30,
2026-10-08,6275,ok,30,
2026-10-08,6282,ok,30,
2026-10-08,6290,ok,30,
2026-10-08,6412,ok,30,
2026-10-08,6414,ok,30,
2026-10-08,6426,ok,30,
2026-10-08,6442,ok,30,
2026-10-08,6462,ok,30,
2026-10-08,6485,ok,30,
2026-10-08,6488,ok,30,
2026-10-08,6510,ok,30,
2026-10-08,6515,ok,30,
2026-10-08,6530,ok,30,
2026-10-08,6531,ok,30,
2026-10-08,6533,ok,30,
2026-10-08,6584,ok,30,
2026-10-08,6640,ok,30,
2026-10-08,6643,ok,30,
2026-10-08,6667,ok,30,
2026-10-08,6669,ok,30,
2026-10-08,6684,ok,30,
2026-10-08,6770,ok,30,
2026-10-08,6788,ok,30,
2026-10-08,6789,ok,30,
2026-10-08,6805,ok,30,
2026-10-08,6829,ok,30,
2026-10-08,6830,ok,30,
2026-10-08,6933,ok,30,
2026-10-08,7556,ok,30,
2026-10-08,8028,ok,30,
2026-10-08,8046,ok,30,
2026-10-08,8064,ok,30,
2026-10-08,8103,ok,30,
2026-10-08,8110,ok,30,
2026-10-08,8150,ok,30,
2026-10-08,8210,ok,30,
2026-10-08,8227,ok,30,
2026-10-08,8299,ok,30,
2026-10-08,8358,ok,30,
2026-10-08,8996,ok,30,
