code,name,branch_name,branch,broker,latest_day,consecutive_buy_days,streak_net_lots,streak_est_net_amount,price_5d_pct,price_20d_pct,not_extended,historical_grade,historical_d10_samples,historical_d10_win_pct,historical_d10_avg_return_pct,stealth_score
2357,,凱基,9200,9200,2026-10-05,3,412.0,399743000,3.32,-2.93,True,A,20,75.0,6.1,81.3
2330,,元大證券,9800,9800,2026-10-05,5,8147.0,20426855000,4.04,6.85,True,C,31,64.52,0.48,80.2
2344,,台灣摩根士丹利,1470,1470,2026-10-05,5,18083.0,3250389000,4.02,4.02,True,C,18,55.56,3.89,80.1
2344,,摩根大通,8440,8440,2026-10-05,4,10667.0,1919022000,4.02,4.02,True,C,22,54.55,3.51,77.1
2317,,永豐金-匯立,0039004100380031,9A00,2026-10-05,5,7242.0,1834033500,1.4,-0.78,True,觀察,29,48.28,0.62,76.2
2344,,新加坡商瑞銀,1650,1650,2026-10-05,5,20702.0,3708530500,4.02,4.02,True,觀察,23,43.48,-0.23,74.5
2324,,元大-忠孝鼎富,0039003800320046,9800,2026-10-05,4,4546.0,168222700,-0.69,-13.94,True,觀察,34,47.06,0.58,73.4
2324,,元大-北投,0039003800390041,9800,2026-10-05,3,1498.0,54274300,-0.69,-13.94,True,觀察,22,31.82,-1.15,63.2
2356,,元大證券,9800,9800,2026-10-05,3,835.0,49426000,-1.52,-13.63,True,觀察,24,37.5,-0.77,62.6
2313,,美林,1440,1440,2026-10-05,5,1482.0,339159500,9.96,-0.4,False,C,23,56.52,0.88,66.4
